/*
SQLyog Ultimate v12.3.1 (64 bit)
MySQL - 8.0.18 : Database - restkeeper_store
*********************************************************************
*/

/*!40101 SET NAMES utf8 */;

/*!40101 SET SQL_MODE=''*/;

/*!40014 SET @OLD_UNIQUE_CHECKS=@@UNIQUE_CHECKS, UNIQUE_CHECKS=0 */;
/*!40014 SET @OLD_FOREIGN_KEY_CHECKS=@@FOREIGN_KEY_CHECKS, FOREIGN_KEY_CHECKS=0 */;
/*!40101 SET @OLD_SQL_MODE=@@SQL_MODE, SQL_MODE='NO_AUTO_VALUE_ON_ZERO' */;
/*!40111 SET @OLD_SQL_NOTES=@@SQL_NOTES, SQL_NOTES=0 */;
CREATE DATABASE /*!32312 IF NOT EXISTS*/`restkeeper_store` /*!40100 DEFAULT CHARACTER SET utf8 COLLATE utf8_bin */ /*!80016 DEFAULT ENCRYPTION='N' */;

USE `restkeeper_store`;

/*Table structure for table `t_category` */

DROP TABLE IF EXISTS `t_category`;

CREATE TABLE `t_category` (
  `category_id` varchar(32) CHARACTER SET utf8 COLLATE utf8_bin NOT NULL COMMENT '分类id',
  `type` int(11) DEFAULT NULL COMMENT '类型1 菜品 2 套餐',
  `name` varchar(64) CHARACTER SET utf8 COLLATE utf8_bin NOT NULL COMMENT '分类名称',
  `t_order` int(11) NOT NULL DEFAULT '0' COMMENT '顺序',
  `last_update_time` datetime NOT NULL COMMENT '最后更新时间',
  `store_id` varchar(32) CHARACTER SET utf8 COLLATE utf8_bin NOT NULL COMMENT '门店主键id',
  `shop_id` varchar(32) CHARACTER SET utf8 COLLATE utf8_bin NOT NULL COMMENT '所属门店',
  `is_deleted` int(11) NOT NULL DEFAULT '0' COMMENT '是否删除',
  PRIMARY KEY (`category_id`) USING BTREE
) ENGINE=InnoDB DEFAULT CHARSET=utf8 COLLATE=utf8_bin ROW_FORMAT=DYNAMIC COMMENT='菜品及套餐分类';

/*Data for the table `t_category` */

insert  into `t_category`(`category_id`,`type`,`name`,`t_order`,`last_update_time`,`store_id`,`shop_id`,`is_deleted`) values 
('1227533022647840769',1,'菜品一号',0,'2020-02-12 18:00:54','1227446499520884738','f3deb',0),
('1227533380984008706',2,'套餐一号1',0,'2020-02-12 18:02:19','1227446499520884738','f3deb',0),
('1227588123236265986',1,'菜品一号',0,'2020-02-12 21:39:51','1227446499520884738','f3deb',0),
('1227597954538098689',1,'菜品一号',0,'2020-02-12 22:18:55','1205130634395324417','f3deb',0),
('1227843034431647745',1,'菜品2号',0,'2020-02-13 14:32:46','1227446499520884738','f3deb',0),
('1227843078832549889',1,'菜品三号',0,'2020-02-13 14:32:57','1227446499520884738','f3deb',0),
('1227853575627763713',2,'套餐一号',0,'2020-02-13 15:14:40','1227446499520884738','f3deb',0),
('1227853650445758465',2,'套餐一号',0,'2020-02-13 15:14:57','1227446499520884738','f3deb',0),
('1227866133705367553',1,'1212122',0,'2020-02-13 16:04:34','1227446499520884738','f3deb',1),
('1239906112899125249',2,'6666',0,'2020-03-17 21:27:08','1227446499520884738','f3deb',1),
('1240540854187200514',1,'1111111',0,'2020-03-19 15:29:22','1227446499520884738','f3deb',1),
('1240540925490368514',2,'222',0,'2020-03-19 15:29:39','1227446499520884738','f3deb',1),
('1240605269561446402',2,'44444',0,'2020-03-19 19:45:20','1227446499520884738','f3deb',1),
('1240605295981367297',1,'444444',0,'2020-03-19 19:45:27','1227446499520884738','f3deb',1),
('1243115345689972738',1,'1212',0,'2020-03-26 17:59:29','1227446499520884738','f3deb',1),
('1252158090329006082',1,'测试',0,'2020-04-20 16:52:07','1227446499520884738','f3deb',1),
('1252772650467532802',2,'午餐套',0,'2020-04-22 09:34:10','1227446499520884738','f3deb',0),
('1252800067986845697',1,'午餐套一',0,'2020-04-22 11:23:07','1227446499520884738','f3deb',0),
('1253499085498949633',2,'精致套餐',0,'2020-04-24 09:40:46','1253495517144494082','f3deb',0),
('1253499194022371329',1,'特色点心',0,'2020-04-24 09:41:11','1253495517144494082','f3deb',0),
('1253504304601440258',1,'热菜',0,'2020-04-24 10:01:30','1253495517144494082','f3deb',0),
('1255507426915987457',1,'荤菜',0,'2020-04-29 22:41:11','1255496202459381762','pifh8xt1',0),
('1255507448873168898',1,'素菜',0,'2020-04-29 22:41:17','1255496202459381762','pifh8xt1',0),
('1255507462198472705',1,'凉菜',0,'2020-04-29 22:41:20','1255496202459381762','pifh8xt1',0),
('1255507489155264513',1,'特色',0,'2020-04-29 22:41:26','1255496202459381762','pifh8xt1',0),
('1255507506469351426',1,'推荐',0,'2020-04-29 22:41:30','1255496202459381762','pifh8xt1',0),
('1255514223806525441',1,'套餐',0,'2020-04-29 23:08:12','1255513650571018241','naw94n44',0),
('1255514268148707330',2,'某套餐',0,'2020-04-29 23:08:23','1255513650571018241','naw94n44',0),
('1262273931586322433',1,'A1',0,'2020-05-18 14:48:52','1205130634395324417','f3deb',1),
('1270341335298097154',1,'时令蔬菜',0,'2020-06-09 21:05:51','1205130634395324417','f3deb',0),
('1270341358178025474',1,'精品小炒',0,'2020-06-09 21:05:56','1205130634395324417','f3deb',0),
('1270341411177250817',1,'饮品',0,'2020-06-09 21:06:09','1205130634395324417','f3deb',0),
('1273533279243436033',0,'string',0,'2020-06-18 16:29:30','1205130634395324417','f3deb',1),
('1273535142579765250',0,'',0,'2020-06-18 16:36:54','1205130634395324417','f3deb',1),
('1273535596780945410',1,'鱼',0,'2020-06-18 16:38:42','1205130634395324417','f3deb',0),
('1273557353306882050',1,'',0,'2020-06-18 18:05:09','1205130634395324417','f3deb',1),
('1273558769559764993',1,'qq',0,'2020-06-18 18:10:47','1205130634395324417','f3deb',1),
('1273559105468989441',2,'qq',0,'2020-06-18 18:12:07','1205130634395324417','f3deb',1),
('1273559140436901890',1,'蛋糕',0,'2020-06-18 18:12:15','1205130634395324417','f3deb',0),
('1273559945554526210',1,'小炒',0,'2020-06-18 18:15:27','1205130634395324417','f3deb',0),
('1273560309322317825',1,'家常菜',0,'2020-06-18 18:16:54','1205130634395324417','f3deb',0),
('1273566123130978306',1,'海鲜',0,'2020-06-18 18:40:00','1205130634395324417','f3deb',0),
('1273566204978626562',2,'海鲜套餐',0,'2020-06-18 18:40:20','1205130634395324417','f3deb',0),
('1273566525654138882',1,'1',0,'2020-06-18 18:41:36','1205130634395324417','f3deb',1),
('1273567543276175362',1,'22',0,'2020-06-18 18:45:39','1205130634395324417','f3deb',1),
('1273567571029884929',2,'33',0,'2020-06-18 18:45:45','1205130634395324417','f3deb',1),
('1282346024810106881',1,'精品热菜',0,'2020-07-13 00:08:12','1282344676983062530','f3deb',0),
('1282346052844834818',1,'精品凉菜',0,'2020-07-13 00:08:18','1282344676983062530','f3deb',0),
('1282346108708769794',1,'素菜',0,'2020-07-13 00:08:32','1282344676983062530','f3deb',0),
('1282346126521978881',1,'荤菜',0,'2020-07-13 00:08:36','1282344676983062530','f3deb',0),
('1282346150874107905',1,'主食',0,'2020-07-13 00:08:42','1282344676983062530','f3deb',0),
('1282346177273057281',1,'汤类',0,'2020-07-13 00:08:48','1282344676983062530','f3deb',0),
('1282346200849240065',1,'酒水饮料',0,'2020-07-13 00:08:54','1282344676983062530','f3deb',0),
('1282346224077295617',1,'其他菜品',0,'2020-07-13 00:08:59','1282344676983062530','f3deb',0),
('1282572447013457922',1,'333333',0,'2020-07-13 15:07:55','1205130634395324417','f3deb',1),
('1282572454483513346',1,'4444',0,'2020-07-13 15:07:57','1205130634395324417','f3deb',1),
('1282575552576819201',2,'2222',0,'2020-07-13 15:20:15','1205130634395324417','f3deb',1),
('1282575581949530113',2,'333',0,'2020-07-13 15:20:22','1205130634395324417','f3deb',1),
('1288675577828548610',1,'分类2',0,'2020-07-30 11:19:35','1205130634395324417','f3deb',1),
('1288675704043544577',1,'分类1',0,'2020-07-30 11:20:05','1205130634395324417','f3deb',1),
('1288675751149772802',2,'分类1',0,'2020-07-30 11:20:16','1205130634395324417','f3deb',1),
('1288676329787564034',1,'test1',0,'2020-07-30 11:22:34','1205130634395324417','f3deb',1),
('1288734820170551298',1,'111',0,'2020-07-30 15:14:59','1205130634395324417','f3deb',1),
('1288734856803602434',2,'1112',0,'2020-07-30 15:15:08','1205130634395324417','f3deb',1),
('1289128370934722562',2,'鱼',0,'2020-07-31 17:18:49','1227446499520884738','f3deb',0),
('1291563697620180994',1,'test2',0,'2020-08-07 10:35:56','1205130634395324417','f3deb',1),
('1291566426648272898',1,'test1123',0,'2020-08-07 10:46:47','1205130634395324417','f3deb',1),
('1291577710672404482',1,'999',0,'2020-08-07 11:31:37','1205130634395324417','f3deb',1),
('1291577755295604737',2,'哦哦哦',0,'2020-08-07 11:31:48','1205130634395324417','f3deb',1),
('1292747158653558785',1,'饮聊',0,'2020-08-10 16:58:35','1205130634395324417','f3deb',0),
('1292752690395275265',2,'套餐2号',0,'2020-08-10 17:20:34','1205130634395324417','f3deb',1),
('1292752728529887234',2,'套餐2号',0,'2020-08-10 17:20:43','1205130634395324417','f3deb',1),
('1292760176787513346',2,'嗯嗯333114444',0,'2020-08-10 17:50:19','1291570821364498434','f3deb',1),
('1292760188518981634',2,'呃呃呃',0,'2020-08-10 17:50:22','1291570821364498434','f3deb',1),
('1292760197150859266',2,'e e e',0,'2020-08-10 17:50:24','1291570821364498434','f3deb',1),
('1292760209423392769',2,'呃呃呃呃',0,'2020-08-10 17:50:27','1291570821364498434','f3deb',1),
('1292760336821182465',1,'肉4',0,'2020-08-10 17:50:57','1291570821364498434','f3deb',0),
('1298876311786250241',1,'1',0,'2020-08-27 14:53:39','1291570821364498434','f3deb',1),
('1298876322955681793',1,'2',0,'2020-08-27 14:53:42','1291570821364498434','f3deb',1),
('1298876335031083010',1,'3',0,'2020-08-27 14:53:45','1291570821364498434','f3deb',1),
('1298876346947100673',1,'4',0,'2020-08-27 14:53:48','1291570821364498434','f3deb',1),
('1298876358322053122',1,'5',0,'2020-08-27 14:53:50','1291570821364498434','f3deb',1),
('1298876371072737282',1,'6',0,'2020-08-27 14:53:53','1291570821364498434','f3deb',1),
('1298876383890530306',1,'7',0,'2020-08-27 14:53:57','1291570821364498434','f3deb',1),
('1298876396506996738',1,'8',0,'2020-08-27 14:54:00','1291570821364498434','f3deb',1),
('1298876408750170114',1,'9',0,'2020-08-27 14:54:02','1291570821364498434','f3deb',1),
('1298876423182770177',1,'10',0,'2020-08-27 14:54:06','1291570821364498434','f3deb',1),
('1298876512412393474',1,'11',0,'2020-08-27 14:54:27','1291570821364498434','f3deb',1),
('1298876522805878786',1,'12',0,'2020-08-27 14:54:30','1291570821364498434','f3deb',1),
('1298876535455899650',1,'13',0,'2020-08-27 14:54:33','1291570821364498434','f3deb',1),
('1298876547267059714',1,'14',0,'2020-08-27 14:54:35','1291570821364498434','f3deb',1),
('1298876560017743874',1,'15',0,'2020-08-27 14:54:39','1291570821364498434','f3deb',1),
('1298876572705513474',1,'16',0,'2020-08-27 14:54:42','1291570821364498434','f3deb',1),
('1298876583711367170',1,'17',0,'2020-08-27 14:54:44','1291570821364498434','f3deb',1),
('1308660975820357634',1,'套餐分类',0,'2020-09-23 14:54:25','1282344676983062530','f3deb',1),
('1308700093585571841',2,'晚餐套餐',0,'2020-09-23 17:29:51','1282344676983062530','f3deb',0),
('1308701759638618114',2,'超值午餐',0,'2020-09-23 17:36:29','1282344676983062530','f3deb',0),
('1308956668535521282',2,'午餐套餐',0,'2020-09-24 10:29:24','1285147479128461313','f3deb',0),
('1310598571433672705',1,'111',0,'2020-09-28 23:13:44','1205130634395324417','f3deb',1),
('1310598591289507842',2,'123',0,'2020-09-28 23:13:49','1205130634395324417','f3deb',0),
('1310843021518979073',1,'3333',0,'2020-09-29 15:25:05','1291570821364498434','f3deb',1),
('1310846386483249153',2,'2222',0,'2020-09-29 15:38:28','1291570821364498434','f3deb',1),
('1310846415906291714',1,'111111',0,'2020-09-29 15:38:35','1291570821364498434','f3deb',1),
('1310950729563783170',2,'232323',0,'2020-09-29 22:33:05','1291570821364498434','f3deb',0),
('1310950812401287170',1,'1121212',0,'2020-09-29 22:33:25','1291570821364498434','f3deb',1),
('1310954711933796353',1,'1111',0,'2020-09-29 22:48:54','1291570821364498434','f3deb',0),
('1310957953656832001',1,'21212',0,'2020-09-29 23:01:47','1291570821364498434','f3deb',0),
('1310961422711144450',2,'2222',0,'2020-09-29 23:15:34','1291570821364498434','f3deb',0),
('1310961456689201154',2,'22222222',0,'2020-09-29 23:15:42','1291570821364498434','f3deb',0),
('1310961475894919169',1,'33333333',0,'2020-09-29 23:15:47','1291570821364498434','f3deb',0),
('1310965167633219586',2,'吾问无为谓',0,'2020-09-29 23:30:27','1291570821364498434','f3deb',0),
('1313734571823480834',1,'青椒炒肉',0,'2020-10-07 14:55:05','1205130634395324417','f3deb',0),
('1313770566950338561',1,'鱼2',0,'2020-10-07 17:18:06','1205130634395324417','f3deb',1),
('1313770662605635585',2,'鱼1',0,'2020-10-07 17:18:29','1205130634395324417','f3deb',1),
('1313770871683301378',2,'鱼2',0,'2020-10-07 17:19:19','1205130634395324417','f3deb',1),
('1313771010955165698',2,'鱼2',0,'2020-10-07 17:19:52','1205130634395324417','f3deb',1),
('1313771326190665729',1,'鱼2',0,'2020-10-07 17:21:08','1205130634395324417','f3deb',1),
('1313771378569134082',1,'鱼3',0,'2020-10-07 17:21:20','1205130634395324417','f3deb',1),
('1313771587206397953',1,'鱼1',0,'2020-10-07 17:22:10','1205130634395324417','f3deb',1),
('1315130397267345410',1,'222',0,'2020-10-11 11:21:35','1291570821364498434','f3deb',0),
('1315130432491110402',2,'22',0,'2020-10-11 11:21:44','1291570821364498434','f3deb',0),
('1328886946037084161',2,'分类',0,'2020-11-18 10:25:12','1282344676983062530','f3deb',1),
('32428997',1,'川菜',0,'2020-02-28 08:54:44','1205130634395324417','f3deb',0),
('5638903',2,'麻辣套餐1',0,'2020-02-28 09:19:18','1205130634395324417','f3deb',0);

/*Table structure for table `t_credit` */

DROP TABLE IF EXISTS `t_credit`;

CREATE TABLE `t_credit` (
  `credit_id` varchar(32) CHARACTER SET utf8 COLLATE utf8_bin NOT NULL COMMENT '主键id',
  `credit_type` int(11) DEFAULT NULL COMMENT '挂账类型 1 公司 2 个人',
  `company_name` varchar(255) CHARACTER SET utf8 COLLATE utf8_bin DEFAULT NULL COMMENT '挂账公司名称',
  `user_name` varchar(255) CHARACTER SET utf8 COLLATE utf8_bin DEFAULT NULL COMMENT '用户名称',
  `phone` varchar(11) CHARACTER SET utf8 COLLATE utf8_bin DEFAULT NULL COMMENT '手机号',
  `status` int(11) NOT NULL DEFAULT '1' COMMENT '状态 1 开启 0 停用',
  `credit_amount` int(11) NOT NULL DEFAULT '0' COMMENT '挂账金额',
  `total_repayment_ammount` int(11) DEFAULT '0' COMMENT '总还款金额',
  `last_update_time` datetime NOT NULL COMMENT '最后更新时间',
  `store_id` varchar(32) CHARACTER SET utf8 COLLATE utf8_bin NOT NULL COMMENT '所属门店',
  `shop_id` varchar(32) CHARACTER SET utf8 COLLATE utf8_bin NOT NULL COMMENT '所属商户',
  `is_deleted` int(11) NOT NULL DEFAULT '0' COMMENT '是否删除',
  PRIMARY KEY (`credit_id`) USING BTREE
) ENGINE=InnoDB DEFAULT CHARSET=utf8 COLLATE=utf8_bin ROW_FORMAT=DYNAMIC COMMENT='挂账单位管理表';

/*Data for the table `t_credit` */

insert  into `t_credit`(`credit_id`,`credit_type`,`company_name`,`user_name`,`phone`,`status`,`credit_amount`,`total_repayment_ammount`,`last_update_time`,`store_id`,`shop_id`,`is_deleted`) values 
('1227873704629596161',2,'','张三','12353434324',1,0,0,'2020-04-21 16:34:28','1227446499520884738','f3deb',0),
('1227873840369856514',1,'传智播客','','',1,0,0,'2020-04-21 16:26:54','1227446499520884738','f3deb',0),
('1247451675244896258',2,'','22','22',1,0,0,'2020-04-07 17:10:31','1227446499520884738','f3deb',0),
('1247451952513556481',1,'222','','',1,0,0,'2020-04-07 17:11:37','1227446499520884738','f3deb',0),
('1247452457847496705',1,'333','','',1,0,0,'2020-04-07 17:13:37','1227446499520884738','f3deb',0),
('1252518864562008065',2,'','李四','123123123',1,0,0,'2020-04-21 16:45:43','1227446499520884738','f3deb',0),
('1254712238207455233',1,'传智播客','','',1,0,0,'2020-11-15 11:11:49','1205130634395324417','f3deb',0),
('1254719098545295361',2,'','李月','15276763434',0,0,0,'2020-06-29 17:26:58','1205130634395324417','f3deb',0),
('1255705609516396546',1,'连线家','','',1,0,0,'2020-04-30 11:48:42','1255496202459381762','pifh8xt1',0),
('1255705682535034882',2,'','头条','18710060311',1,0,0,'2020-04-30 11:48:59','1255496202459381762','pifh8xt1',0),
('1255705694220365826',2,'','头条','18710060311',1,0,0,'2020-04-30 11:49:02','1255496202459381762','pifh8xt1',0),
('1255705697185738754',2,'','头条','18710060311',1,0,0,'2020-04-30 11:49:03','1255496202459381762','pifh8xt1',0),
('1255705698074931202',2,'','头条','18710060311',1,0,0,'2020-04-30 11:49:03','1255496202459381762','pifh8xt1',0),
('1255705698884431874',2,'','头条','18710060311',1,0,0,'2020-04-30 11:49:03','1255496202459381762','pifh8xt1',0),
('1255705699631017985',2,'','头条','18710060311',1,0,0,'2020-04-30 11:49:03','1255496202459381762','pifh8xt1',0),
('1255705700385992705',2,'','头条','18710060311',1,0,0,'2020-04-30 11:49:04','1255496202459381762','pifh8xt1',0),
('1255750516180357122',2,'','李伯清','16127423242',1,0,0,'2020-04-30 14:47:08','1205130634395324417','f3deb',0),
('1276800565173653505',2,'','游游','110',1,0,0,'2020-06-29 17:27:07','1205130634395324417','f3deb',0),
('1276868195574190082',2,'','11','11',1,0,0,'2020-06-27 21:21:16','1205130634395324417','f3deb',0),
('1277150228175228930',2,'jack','jack','112',0,0,0,'2020-06-28 16:01:57','1205130634395324417','f3deb',0),
('1277150656157814785',2,'jack','rose','112',0,0,0,'2020-06-28 16:03:39','1205130634395324417','f3deb',0),
('1277151063294709761',2,'jack','lucy','112',0,0,0,'2020-06-28 16:05:16','1205130634395324417','f3deb',0),
('1277151535040663554',2,'jack','jack','112',0,0,222,'2020-06-29 11:58:19','1205130634395324417','f3deb',0),
('1282589720897982466',2,'','2222','22',1,0,0,'2020-07-13 16:16:33','1205130634395324417','f3deb',0),
('1282589731878670338',2,'','22','22',1,0,0,'2020-07-13 16:16:36','1205130634395324417','f3deb',0),
('1282867451267190785',2,'','播妞','13300000000',1,1790000,16703,'2020-11-25 11:26:42','1282344676983062530','f3deb',0),
('1282867622625480705',1,'传智播客','','',1,138000,0,'2020-07-14 10:40:50','1282344676983062530','f3deb',0),
('1288682433577820162',1,'测试','','',1,0,0,'2020-07-30 13:50:07','1205130634395324417','f3deb',0),
('1288716957711933442',2,'','测试1','18800000000',0,0,0,'2020-08-10 17:31:29','1205130634395324417','f3deb',0),
('1288716985637609473',2,'','测试2','',1,0,0,'2020-08-10 17:31:35','1205130634395324417','f3deb',0),
('1288735800647831554',2,'','2','13266666666',1,0,0,'2020-07-30 15:18:53','1205130634395324417','f3deb',0),
('1292756486684991490',1,'公司1','','',1,0,0,'2020-08-10 17:35:39','1205130634395324417','f3deb',0),
('1292756512047947778',2,'','测试1','13261698937',1,0,0,'2020-08-10 17:35:45','1205130634395324417','f3deb',0),
('1292760936514379777',2,'','张三','18787667676',0,0,0,'2020-10-10 21:02:17','1291570821364498434','f3deb',0),
('1298168168835997697',2,'','李烈','18633078419',1,50000,0,'2021-07-26 15:06:21','1282344676983062530','f3deb',0),
('1308659800769314818',2,'','孙程','13800000000',0,14100,0,'2021-07-26 15:07:27','1282344676983062530','f3deb',0),
('1308691063764959234',2,'','1212','121212',1,0,0,'2020-09-23 16:53:59','1291570821364498434','f3deb',0),
('1308691236004052993',2,'','阿斯蒂芬','',0,0,0,'2020-10-08 19:07:06','1291570821364498434','f3deb',0),
('1308691361032060929',1,'123123','','',1,0,0,'2020-09-23 16:55:09','1291570821364498434','f3deb',0),
('1312981576819163137',2,'','接口','',1,0,0,'2020-10-05 13:02:57','1291570821364498434','f3deb',0),
('1314215256321441793',2,'','1231','123123123',1,0,0,'2020-10-08 22:45:09','1291570821364498434','f3deb',0),
('1314889870320091137',1,'12','','',1,0,0,'2020-10-11 17:11:11','1291570821364498434','f3deb',0),
('1314904973308346370',1,'哈','','',1,0,0,'2020-10-10 20:55:17','1291570821364498434','f3deb',0),
('1328894778270658561',2,'','王冲','',1,150000,0,'2021-07-26 15:06:36','1282344676983062530','f3deb',0),
('1329043369157046274',2,'','李小刚','15116921201',1,0,0,'2020-11-18 20:46:46','1205130634395324417','f3deb',0),
('1329043485070831618',2,'','播妞','13300000000',1,0,0,'2020-11-18 20:47:14','1205130634395324417','f3deb',0),
('1329345134960160770',2,'','张飞','133000000',1,0,0,'2020-11-25 14:48:26','1285149346856226818','f3deb',0);

/*Table structure for table `t_credit_company_user` */

DROP TABLE IF EXISTS `t_credit_company_user`;

CREATE TABLE `t_credit_company_user` (
  `id` varchar(32) CHARACTER SET utf8 COLLATE utf8_bin NOT NULL COMMENT '主键id',
  `credit_id` varchar(32) CHARACTER SET utf8 COLLATE utf8_bin NOT NULL COMMENT '挂账公司id',
  `user_name` varchar(255) CHARACTER SET utf8 COLLATE utf8_bin NOT NULL COMMENT '用户名称',
  `phone` varchar(11) CHARACTER SET utf8 COLLATE utf8_bin NOT NULL COMMENT '手机号',
  `store_id` varchar(32) CHARACTER SET utf8 COLLATE utf8_bin NOT NULL COMMENT '所属门店',
  `shop_id` varchar(32) CHARACTER SET utf8 COLLATE utf8_bin NOT NULL COMMENT '所属商户',
  `last_update_time` datetime NOT NULL COMMENT '最后更新时间',
  PRIMARY KEY (`id`) USING BTREE
) ENGINE=InnoDB DEFAULT CHARSET=utf8 COLLATE=utf8_bin ROW_FORMAT=DYNAMIC COMMENT='挂账公司人员';

/*Data for the table `t_credit_company_user` */

insert  into `t_credit_company_user`(`id`,`credit_id`,`user_name`,`phone`,`store_id`,`shop_id`,`last_update_time`) values 
('1217292994849464321','1217016400415211521','test123','string','1205130634395324417','test','2020-01-15 11:50:41'),
('1227873704805756930','1227873704629596161','','','1227446499520884738','f3deb','2020-02-13 16:34:39'),
('1227873840395022338','1227873840369856514','李峰','1767263263','1227446499520884738','f3deb','2020-02-13 16:35:11'),
('1227873840399216642','1227873840369856514','张青','3837483264','1227446499520884738','f3deb','2020-02-13 16:35:11'),
('1247451675685298177','1247451675244896258','','','1227446499520884738','f3deb','2020-04-07 17:10:31'),
('1247451952530333697','1247451952513556481','22','222','1227446499520884738','f3deb','2020-04-07 17:11:37'),
('1247451952538722306','1247451952513556481','33','3333','1227446499520884738','f3deb','2020-04-07 17:11:37'),
('1247452457864273922','1247452457847496705','33','333','1227446499520884738','f3deb','2020-04-07 17:13:37'),
('1247452457872662530','1247452457847496705','5444','44','1227446499520884738','f3deb','2020-04-07 17:13:37'),
('1252518864796889090','1252518864562008065','','','1227446499520884738','f3deb','2020-04-21 16:45:43'),
('1254719098578849793','1254719098545295361','','','1205130634395324417','f3deb','2020-04-27 18:28:39'),
('1255705609612865538','1255705609516396546','毕鹏','13301131116','1255496202459381762','pifh8xt1','2020-04-30 11:48:42'),
('1255705682543423490','1255705682535034882','','','1255496202459381762','pifh8xt1','2020-04-30 11:48:59'),
('1255705694228754434','1255705694220365826','','','1255496202459381762','pifh8xt1','2020-04-30 11:49:02'),
('1255705697194127362','1255705697185738754','','','1255496202459381762','pifh8xt1','2020-04-30 11:49:03'),
('1255705698079125506','1255705698074931202','','','1255496202459381762','pifh8xt1','2020-04-30 11:49:03'),
('1255705698888626177','1255705698884431874','','','1255496202459381762','pifh8xt1','2020-04-30 11:49:03'),
('1255705699639406594','1255705699631017985','','','1255496202459381762','pifh8xt1','2020-04-30 11:49:03'),
('1255705700394381314','1255705700385992705','','','1255496202459381762','pifh8xt1','2020-04-30 11:49:04'),
('1255750516436209665','1255750516180357122','','','1205130634395324417','f3deb','2020-04-30 14:47:08'),
('1276800565253345281','1276800565173653505','','','1205130634395324417','f3deb','2020-06-27 16:52:31'),
('1276868195641298945','1276868195574190082','','','1205130634395324417','f3deb','2020-06-27 21:21:16'),
('1277150228200394753','1277150228175228930','','','1205130634395324417','f3deb','2020-06-28 16:01:57'),
('1277150656166203394','1277150656157814785','','','1205130634395324417','f3deb','2020-06-28 16:03:39'),
('1277151063303098370','1277151063294709761','','','1205130634395324417','f3deb','2020-06-28 16:05:16'),
('1277151535053246466','1277151535040663554','','','1205130634395324417','f3deb','2020-06-28 16:07:09'),
('1277166088801587202','1277151063294709761','','','1205130634395324417','f3deb','2020-06-28 17:04:59'),
('1277166370918862849','1277150656157814785','','','1205130634395324417','f3deb','2020-06-28 17:06:06'),
('1277166585046470658','1277150228175228930','','','1205130634395324417','f3deb','2020-06-28 17:06:57'),
('1277166723714355201','1277150228175228930','','','1205130634395324417','f3deb','2020-06-28 17:07:30'),
('1277167279719682049','1277150228175228930','','','1205130634395324417','f3deb','2020-06-28 17:09:43'),
('1277167676366622721','1277150656157814785','','','1205130634395324417','f3deb','2020-06-28 17:11:17'),
('1277167960279060482','1277150656157814785','','','1205130634395324417','f3deb','2020-06-28 17:12:25'),
('1277168136334970882','1277151063294709761','','','1205130634395324417','f3deb','2020-06-28 17:13:07'),
('1277168771168047106','1277151063294709761','','','1205130634395324417','f3deb','2020-06-28 17:15:38'),
('1277169042032005122','1277151063294709761','','','1205130634395324417','f3deb','2020-06-28 17:16:43'),
('1277169476532539394','1277151063294709761','','','1205130634395324417','f3deb','2020-06-28 17:18:27'),
('1277170254718537730','1277151063294709761','','','1205130634395324417','f3deb','2020-06-28 17:21:32'),
('1277170611376984066','1277151063294709761','','','1205130634395324417','f3deb','2020-06-28 17:22:57'),
('1277170680012574722','1277151063294709761','','','1205130634395324417','f3deb','2020-06-28 17:23:13'),
('1277450984417759234','1277151535040663554','','','1205130634395324417','f3deb','2020-06-29 11:57:03'),
('1277451043607777282','1277151535040663554','','','1205130634395324417','f3deb','2020-06-29 11:57:17'),
('1277451183559118849','1277151535040663554','','','1205130634395324417','f3deb','2020-06-29 11:57:51'),
('1277510734228590594','1277151535040663554','','','1205130634395324417','f3deb','2020-06-29 15:54:29'),
('1282589720952508418','1282589720897982466','','','1205130634395324417','f3deb','2020-07-13 16:16:33'),
('1282589731891253249','1282589731878670338','','','1205130634395324417','f3deb','2020-07-13 16:16:36'),
('1282867451464323074','1282867451267190785','','','1282344676983062530','f3deb','2020-07-14 10:40:10'),
('1288713415676731393','1288682433577820162','测试','13261698937','1205130634395324417','f3deb','2020-07-30 13:49:56'),
('1288716957732904961','1288716957711933442','','','1205130634395324417','f3deb','2020-07-30 14:04:01'),
('1288716985645998081','1288716985637609473','','','1205130634395324417','f3deb','2020-07-30 14:04:07'),
('1288735800698163202','1288735800647831554','','','1205130634395324417','f3deb','2020-07-30 15:18:53'),
('1288758034540089346','1254712238207455233','qq','qqq','1205130634395324417','f3deb','2020-07-30 16:47:14'),
('1288758034573643778','1254712238207455233','2222','','1205130634395324417','f3deb','2020-07-30 16:47:14'),
('1288758034573643779','1254712238207455233','222','','1205130634395324417','f3deb','2020-07-30 16:47:14'),
('1288758034573643780','1254712238207455233','33333','','1205130634395324417','f3deb','2020-07-30 16:47:14'),
('1288758034573643781','1254712238207455233','44444','','1205130634395324417','f3deb','2020-07-30 16:47:14'),
('1292756512056336385','1292756512047947778','','','1205130634395324417','f3deb','2020-08-10 17:35:45'),
('1292756710207840258','1292756486684991490','测试','13261698937','1205130634395324417','f3deb','2020-08-10 17:36:33'),
('1292756710212034561','1292756486684991490','测试3','13261698937','1205130634395324417','f3deb','2020-08-10 17:36:33'),
('1292760936535351297','1292760936514379777','','','1291570821364498434','f3deb','2020-08-10 17:53:20'),
('1298168168911495169','1298168168835997697','','','1282344676983062530','f3deb','2020-08-25 15:59:45'),
('1308659800823840769','1308659800769314818','','','1282344676983062530','f3deb','2020-09-23 14:49:45'),
('1308691063769153537','1308691063764959234','','','1291570821364498434','f3deb','2020-09-23 16:53:59'),
('1308691236008247298','1308691236004052993','','','1291570821364498434','f3deb','2020-09-23 16:54:40'),
('1308691361040449537','1308691361032060929','','','1291570821364498434','f3deb','2020-09-23 16:55:09'),
('1308692434111184897','1282867622625480705','播仔','13311111111','1282344676983062530','f3deb','2020-09-23 16:59:25'),
('1308692434115379201','1282867622625480705','播妞','13300000000','1282344676983062530','f3deb','2020-09-23 16:59:25'),
('1308692726496116737','1282867451267190785','','','1282344676983062530','f3deb','2020-09-23 17:00:35'),
('1308698849953464322','1282867451267190785','播妞','13300000000','1282344676983062530','f3deb','2020-09-23 17:24:55'),
('1308698909713907714','1282867451267190785','播妞','13300000000','1282344676983062530','f3deb','2020-09-23 17:25:09'),
('1308699072331268098','1282867451267190785','播妞','13300000000','1282344676983062530','f3deb','2020-09-23 17:25:48'),
('1312981576894660610','1312981576819163137','','','1291570821364498434','f3deb','2020-10-05 13:02:57'),
('1314215256405327873','1314215256321441793','','','1291570821364498434','f3deb','2020-10-08 22:45:09'),
('1314889870362034178','1314889870320091137','12','12','1291570821364498434','f3deb','2020-10-10 19:25:49'),
('1314904973333512194','1314904973308346370','ha','124','1291570821364498434','f3deb','2020-10-10 20:25:50'),
('1314904973346095106','1314904973308346370','ha3','asd','1291570821364498434','f3deb','2020-10-10 20:25:50'),
('1314914943286394882','1292760936514379777','','','1291570821364498434','f3deb','2020-10-10 21:05:27'),
('1328894778316795906','1328894778270658561','','','1282344676983062530','f3deb','2020-11-18 10:56:19'),
('1329043369240932354','1329043369157046274','','','1205130634395324417','f3deb','2020-11-18 20:46:46'),
('1329043485079220226','1329043485070831618','','','1205130634395324417','f3deb','2020-11-18 20:47:14'),
('1329345135035658242','1329345134960160770','','','1285149346856226818','f3deb','2020-11-19 16:45:53'),
('1329345155487084546','1329345134960160770','张飞','133000000','1285149346856226818','f3deb','2020-11-19 16:45:58'),
('1329345255886139394','1329345134960160770','张飞','133000000','1285149346856226818','f3deb','2020-11-19 16:46:22'),
('1329345903918690306','1328894778270658561','12','','1282344676983062530','f3deb','2020-11-19 16:48:56'),
('1329356046060335105','1328894778270658561','12','','1282344676983062530','f3deb','2020-11-19 17:29:14'),
('1329357048419299329','1328894778270658561','12','','1282344676983062530','f3deb','2020-11-19 17:33:13'),
('1329357066937151490','1308659800769314818','测试','13800000000','1282344676983062530','f3deb','2020-11-19 17:33:18'),
('1329358672168595457','1328894778270658561','12','','1282344676983062530','f3deb','2020-11-19 17:39:40'),
('1329386460665720834','1328894778270658561','12','','1282344676983062530','f3deb','2020-11-19 19:30:06'),
('1329389839219535874','1328894778270658561','12','','1282344676983062530','f3deb','2020-11-19 19:43:31'),
('1329390187770392577','1328894778270658561','12','','1282344676983062530','f3deb','2020-11-19 19:44:54'),
('1329390274084974593','1328894778270658561','12','','1282344676983062530','f3deb','2020-11-19 19:45:15'),
('1329390609029509122','1328894778270658561','12','','1282344676983062530','f3deb','2020-11-19 19:46:35'),
('1329390673022005249','1328894778270658561','12','','1282344676983062530','f3deb','2020-11-19 19:46:50'),
('1329390688859697153','1328894778270658561','12','','1282344676983062530','f3deb','2020-11-19 19:46:54'),
('1329391710382436353','1298168168835997697','qwe','1231231231','1282344676983062530','f3deb','2020-11-19 19:50:57'),
('1329391785091379202','1298168168835997697','qwe','1231231231','1282344676983062530','f3deb','2020-11-19 19:51:15'),
('1329413759813341186','1328894778270658561','12','','1282344676983062530','f3deb','2020-11-19 21:18:34'),
('1329413882723225601','1328894778270658561','12','','1282344676983062530','f3deb','2020-11-19 21:19:04'),
('1329591628313186306','1328894778270658561','12','','1282344676983062530','f3deb','2020-11-20 09:05:21'),
('1329591661808898049','1328894778270658561','12','','1282344676983062530','f3deb','2020-11-20 09:05:29'),
('1331404285466955778','1328894778270658561','12','','1282344676983062530','f3deb','2020-11-25 09:08:13'),
('1331404322624294914','1328894778270658561','12','','1282344676983062530','f3deb','2020-11-25 09:08:21'),
('1331404392576897025','1328894778270658561','12','','1282344676983062530','f3deb','2020-11-25 09:08:38'),
('1331414897710387201','1328894778270658561','12','','1282344676983062530','f3deb','2020-11-25 09:50:23'),
('1331414947425472513','1328894778270658561','12','','1282344676983062530','f3deb','2020-11-25 09:50:35'),
('1336138349570740225','1329345134960160770','张飞','133000000','1285149346856226818','f3deb','2020-12-08 10:39:41'),
('1336529534311309313','1329345134960160770','张飞','133000000','1285149346856226818','f3deb','2020-12-09 12:34:07'),
('1336529637658959873','1329345134960160770','张飞','133000000','1285149346856226818','f3deb','2020-12-09 12:34:32'),
('1336545296287637505','1282867451267190785','播妞','13300000000','1282344676983062530','f3deb','2020-12-09 13:36:45');

/*Table structure for table `t_credit_logs` */

DROP TABLE IF EXISTS `t_credit_logs`;

CREATE TABLE `t_credit_logs` (
  `log_id` varchar(32) CHARACTER SET utf8 COLLATE utf8_bin NOT NULL COMMENT '挂账日志id',
  `order_id` varchar(32) CHARACTER SET utf8 COLLATE utf8_bin NOT NULL COMMENT '订单',
  `credit_id` varchar(32) CHARACTER SET utf8 COLLATE utf8_bin NOT NULL COMMENT '挂账关联id',
  `credit_type` int(11) NOT NULL COMMENT '挂账类型 挂账类型  1 公司 2 个人',
  `company_name` varchar(32) CHARACTER SET utf8 COLLATE utf8_bin DEFAULT NULL COMMENT '挂账公司名称',
  `user_name` varchar(32) CHARACTER SET utf8 COLLATE utf8_bin DEFAULT NULL COMMENT '挂账人名称',
  `phone` varchar(32) CHARACTER SET utf8 COLLATE utf8_bin DEFAULT NULL COMMENT '挂账人电话',
  `order_amount` int(11) NOT NULL COMMENT '订单金额',
  `received_amount` int(11) NOT NULL COMMENT '应收金额',
  `credit_amount` int(11) NOT NULL COMMENT '挂账金额',
  `last_update_time` datetime NOT NULL COMMENT '最后更新时间',
  `store_id` varchar(32) CHARACTER SET utf8 COLLATE utf8_bin NOT NULL COMMENT '所属门店',
  `shop_id` varchar(32) CHARACTER SET utf8 COLLATE utf8_bin NOT NULL COMMENT '所属商户',
  `is_deleted` int(11) NOT NULL DEFAULT '0' COMMENT '是否删除',
  PRIMARY KEY (`log_id`) USING BTREE
) ENGINE=InnoDB DEFAULT CHARSET=utf8 COLLATE=utf8_bin ROW_FORMAT=DYNAMIC COMMENT='挂账记录';

/*Data for the table `t_credit_logs` */

insert  into `t_credit_logs`(`log_id`,`order_id`,`credit_id`,`credit_type`,`company_name`,`user_name`,`phone`,`order_amount`,`received_amount`,`credit_amount`,`last_update_time`,`store_id`,`shop_id`,`is_deleted`) values 
('1227129067531266002','1227129067531275002','1227129067531264002',2,NULL,'张三','13888888888',60000,60000,60000,'2020-02-12 15:15:11','test','test',0),
('1298515281755267073','1298515212645744641','1282867451267190785',2,NULL,'播妞','13300000000',4701,4701,4701,'2020-08-26 14:59:03','1282344676983062530','f3deb',0),
('1298522250578780161','1298516001485275137','1282867451267190785',2,NULL,'播妞','13300000000',3601,3601,3601,'2020-08-26 15:26:45','1282344676983062530','f3deb',0),
('1308973962040983553','1308971405021315074','1282867451267190785',2,NULL,'播妞','13300000000',8401,8401,8401,'2020-09-24 11:38:07','1282344676983062530','f3deb',0),
('1329604081977708546','1329603919796555777','1308659800769314818',2,NULL,'测试','13800000000',14100,14100,14100,'2020-11-20 09:54:51','1282344676983062530','f3deb',0);

/*Table structure for table `t_credit_repayment` */

DROP TABLE IF EXISTS `t_credit_repayment`;

CREATE TABLE `t_credit_repayment` (
  `log_id` varchar(32) CHARACTER SET utf8 COLLATE utf8_bin NOT NULL COMMENT '还款记录id',
  `credit_type` varchar(32) CHARACTER SET utf8 COLLATE utf8_bin NOT NULL COMMENT '挂账类型 1 个人 2 公司',
  `credit_id` varchar(32) CHARACTER SET utf8 COLLATE utf8_bin DEFAULT NULL COMMENT '挂账管理id',
  `company_name` varchar(32) CHARACTER SET utf8 COLLATE utf8_bin DEFAULT NULL COMMENT '挂账公司名称',
  `user_name` varchar(500) CHARACTER SET utf8 COLLATE utf8_bin NOT NULL COMMENT '还款人',
  `repayment_type` varchar(32) CHARACTER SET utf8 COLLATE utf8_bin DEFAULT NULL COMMENT '还款方式 1 现金 2 微信 3 支付宝  4 银行卡',
  `repayment_amount` int(11) DEFAULT NULL COMMENT '杩樻閲戦',
  `last_update_time` datetime NOT NULL COMMENT '最后更新时间',
  `store_id` varchar(32) CHARACTER SET utf8 COLLATE utf8_bin NOT NULL COMMENT '所属门店',
  `shop_id` varchar(32) CHARACTER SET utf8 COLLATE utf8_bin NOT NULL COMMENT '所属商户',
  `is_deleted` int(11) NOT NULL DEFAULT '0' COMMENT '是否删除',
  PRIMARY KEY (`log_id`) USING BTREE
) ENGINE=InnoDB DEFAULT CHARSET=utf8 COLLATE=utf8_bin ROW_FORMAT=DYNAMIC COMMENT='还款记录表';

/*Data for the table `t_credit_repayment` */

insert  into `t_credit_repayment`(`log_id`,`credit_type`,`credit_id`,`company_name`,`user_name`,`repayment_type`,`repayment_amount`,`last_update_time`,`store_id`,`shop_id`,`is_deleted`) values 
('1229049378123833345','2','1227873704629596161','','张三',NULL,0,'2020-02-16 22:26:21','1227446499520884738','f3deb',0),
('1229050713837690881','2','1227873704629596161','','张三',NULL,0,'2020-02-16 22:31:39','1227446499520884738','f3deb',0),
('1276724293957423105','2','1254719098545295361','','李月',NULL,0,'2020-06-27 11:49:27','1205130634395324417','f3deb',0),
('1276724295987466241','2','1254719098545295361','','李月',NULL,0,'2020-06-27 11:49:27','1205130634395324417','f3deb',0),
('1276724296717275138','2','1254719098545295361','','李月',NULL,0,'2020-06-27 11:49:27','1205130634395324417','f3deb',0),
('1276724447494115329','2','1254719098545295361','','李月',NULL,0,'2020-06-27 11:50:03','1205130634395324417','f3deb',0),
('1276724449188614145','2','1254719098545295361','','李月',NULL,0,'2020-06-27 11:50:04','1205130634395324417','f3deb',0),
('1276724449897451521','2','1254719098545295361','','李月',NULL,0,'2020-06-27 11:50:04','1205130634395324417','f3deb',0),
('1276724450547568642','2','1254719098545295361','','李月',NULL,0,'2020-06-27 11:50:04','1205130634395324417','f3deb',0),
('1276724451180908546','2','1254719098545295361','','李月',NULL,0,'2020-06-27 11:50:04','1205130634395324417','f3deb',0),
('1276757200738553858','1','1254712238207455233','传智播客','',NULL,0,'2020-06-27 14:00:12','1205130634395324417','f3deb',0),
('1276798056480739330','1','1254712238207455233','传智播客','',NULL,0,'2020-06-27 16:42:33','1205130634395324417','f3deb',0),
('1276799841761071105','1','1254712238207455233','传智播客','',NULL,0,'2020-06-27 16:49:39','1205130634395324417','f3deb',0),
('1276799880847790081','1','1254712238207455233','传智播客','',NULL,0,'2020-06-27 16:49:48','1205130634395324417','f3deb',0),
('1277451303470075906','2','1277151535040663554','jack','jack',NULL,222,'2020-06-29 11:58:19','1205130634395324417','f3deb',0),
('1277533739356884993','2','1276800565173653505','','游游',NULL,0,'2020-06-29 17:25:54','1205130634395324417','f3deb',0),
('1277534011470745602','2','1254719098545295361','','李月',NULL,0,'2020-06-29 17:26:58','1205130634395324417','f3deb',0),
('1277534046862282754','2','1276800565173653505','','游游',NULL,0,'2020-06-29 17:27:07','1205130634395324417','f3deb',0),
('1282589592300621826','1','1254712238207455233','传智播客','',NULL,0,'2020-07-13 16:16:03','1205130634395324417','f3deb',0),
('1282589669106716673','1','1254712238207455233','传智播客','',NULL,0,'2020-07-13 16:16:21','1205130634395324417','f3deb',0),
('1308659239131037698','2','1282867451267190785','','播妞',NULL,8302,'2020-09-23 14:47:31','1282344676983062530','f3deb',0),
('1312989987547922434','2','1292760936514379777','','张三',NULL,0,'2020-10-05 13:36:22','1291570821364498434','f3deb',0),
('1313000648420114433','2','1292760936514379777','','张三',NULL,0,'2020-10-05 14:18:44','1291570821364498434','f3deb',0),
('1314912386262515714','1','1314904973308346370','哈','',NULL,0,'2020-10-10 20:55:17','1291570821364498434','f3deb',0),
('1314914145294893057','2','1292760936514379777','','张三',NULL,0,'2020-10-10 21:02:17','1291570821364498434','f3deb',0),
('1315218376191131650','1','1314889870320091137','12','',NULL,0,'2020-10-11 17:11:11','1291570821364498434','f3deb',0),
('1328895057732939777','2','1328894778270658561','','12',NULL,0,'2020-11-18 10:57:26','1282344676983062530','f3deb',0),
('1331439135691427841','2','1282867451267190785','','播妞',NULL,8401,'2020-11-25 11:26:42','1282344676983062530','f3deb',0),
('1331489905245736962','2','1329345134960160770','','张飞',NULL,0,'2020-11-25 14:48:26','1285149346856226818','f3deb',0);

/*Table structure for table `t_dish` */

DROP TABLE IF EXISTS `t_dish`;

CREATE TABLE `t_dish` (
  `dish_id` varchar(32) CHARACTER SET utf8 COLLATE utf8_bin NOT NULL COMMENT '菜品Id',
  `dish_name` varchar(64) CHARACTER SET utf8 COLLATE utf8_bin NOT NULL COMMENT '菜品名称',
  `category_id` varchar(64) CHARACTER SET utf8 COLLATE utf8_bin NOT NULL COMMENT '菜品分类id',
  `price` int(11) DEFAULT NULL COMMENT '菜品价格',
  `code` varchar(64) CHARACTER SET utf8 COLLATE utf8_bin NOT NULL COMMENT '商品码',
  `image` varchar(500) CHARACTER SET utf8 COLLATE utf8_bin NOT NULL COMMENT '閸ュ墽澧?',
  `description` varchar(400) CHARACTER SET utf8 COLLATE utf8_bin DEFAULT NULL COMMENT '描述信息',
  `status` int(11) NOT NULL DEFAULT '1' COMMENT '0 停售 1 起售',
  `last_update_time` timestamp NULL DEFAULT NULL COMMENT '最后更新时间',
  `is_deleted` int(11) NOT NULL DEFAULT '0' COMMENT '是否删除',
  `store_id` varchar(32) CHARACTER SET utf8 COLLATE utf8_bin NOT NULL COMMENT '门店主键id',
  `shop_id` varchar(32) CHARACTER SET utf8 COLLATE utf8_bin NOT NULL COMMENT '所属商户',
  PRIMARY KEY (`dish_id`) USING BTREE
) ENGINE=InnoDB DEFAULT CHARSET=utf8 COLLATE=utf8_bin ROW_FORMAT=DYNAMIC COMMENT='菜品管理';

/*Data for the table `t_dish` */

insert  into `t_dish`(`dish_id`,`dish_name`,`category_id`,`price`,`code`,`image`,`description`,`status`,`last_update_time`,`is_deleted`,`store_id`,`shop_id`) values 
('1215654584707670017','test','1227597954538098689',0,'test','string','string',1,'2020-01-10 15:45:06',0,'1205130634395324417','test'),
('1227846270853083138','阿斯蒂芬','1227597954538098689',1,'123','','123',1,'2020-02-13 14:45:38',0,'1227446499520884738','f3deb'),
('1227849858111270913','菜品二号','1227597954538098689',1,'13','','123123',1,'2020-02-13 14:59:53',0,'1227446499520884738','f3deb'),
('1227849963098894337','请问','1227597954538098689',1,'123','','',1,'2020-02-13 15:00:18',0,'1227446499520884738','f3deb'),
('1227852816609734658','qeqe','1227597954538098689',1,'123','','12312312312',1,'2020-02-13 15:11:39',0,'1227446499520884738','f3deb'),
('1227885402505687042','鱼香肉丝','1227597954538098689',1,'1212','','121212',1,'2020-02-14 08:50:50',0,'1227446499520884738','f3deb'),
('1227895234239488002','鱼香肉丝','1227597954538098689',1,'234','','',1,'2020-02-13 18:00:12',1,'43245543','f3deb'),
('1227954254711164929','菜品一号','1227597954538098689',1,'23234','','23423424',1,'2020-02-13 21:54:43',0,'1227446499520884738','f3deb'),
('1228119719806849026','asD','1227843034431647745',1,'S32','','SEF',1,'2020-02-14 08:52:13',0,'1227446499520884738','f3deb'),
('1228126468169355266','qwe','1227597954538098689',1,'123','','12312',1,'2020-02-14 09:19:02',0,'1227446499520884738','f3deb'),
('1228126519390195714','锅包肉','1227533022647840769',1,'123','','123',1,'2020-04-16 15:23:31',0,'1227446499520884738','f3deb'),
('1228126810823020545','鱼香肉丝','1227533022647840769',1,'12','','qweqweqwe',1,'2020-04-16 15:23:44',0,'1227446499520884738','f3deb'),
('1229216146305880065','test','1227597954538098689',1,'1212','https://restkeeper-wzh.oss-cn-beijing.aliyuncs.com/1581902863797_baidu_jgylogo3.gif','',1,'2020-02-17 09:29:02',0,'1227446499520884738','f3deb'),
('1240616808070778881','1111','1227588123236265986',1,'11','','',1,'2020-03-19 20:31:11',1,'1227446499520884738','f3deb'),
('1244560945182707714','麻辣鸡丝','1227533022647840769',1,'666','','566',1,'2020-04-15 10:20:23',0,'1227446499520884738','f3deb'),
('1244561027818885122','清炒油麦菜','1227533022647840769',1,'66668888','','666',1,'2020-04-15 10:20:54',0,'1227446499520884738','f3deb'),
('1250000771142975490','宫保鸡丁','1227843034431647745',1,'fasf','','',1,'2020-04-14 17:59:42',0,'1227446499520884738','f3deb'),
('1250000886045933569','鱼香肉丝','1227843078832549889',1,'1111','','',1,'2020-04-14 18:00:10',0,'1227446499520884738','f3deb'),
('1253213077389787137','土豆烧茄子','32428997',1000,'TDSQZ','https://restkeeper-wzh.oss-cn-beijing.aliyuncs.com/1595833148617_黄渤.jpg','11233就不会他不',1,'2020-08-04 09:19:24',0,'1205130634395324417','f3deb'),
('1253216741579898882','手撕包菜','1270341358178025474',10000,'ssbc','','',0,'2020-07-13 18:15:22',0,'1205130634395324417','f3deb'),
('1253216916033585154','糖醋排骨','32428997',2200,'TCPG','','',1,'2020-06-09 21:12:20',0,'1205130634395324417','f3deb'),
('1253500474404970498','黑糖珍珠','1253499194022371329',1,'heitangzhenzhu','https://restkeeper-wzh.oss-cn-beijing.aliyuncs.com/1587692745849_黑糖珍珠.png','Q弹爽口，奶茶香浓',1,'2020-04-24 12:02:00',0,'1253495517144494082','f3deb'),
('1253502842026663938','柠檬茶','1253499194022371329',1,'ningmengcha','https://restkeeper-wzh.oss-cn-beijing.aliyuncs.com/1587693324770_柠檬茶.png','酸爽可口，VC爆棚',1,'2020-04-24 12:02:12',0,'1253495517144494082','f3deb'),
('1253503018753662977','苦心咖啡','1253499194022371329',1,'kuxinkafei','https://restkeeper-wzh.oss-cn-beijing.aliyuncs.com/1587693374403_苦心咖啡.png','浓醇口感，纯正巴西咖啡豆',1,'2020-04-24 12:02:21',0,'1253495517144494082','f3deb'),
('1253504815840960513','铁板菲力牛排','1253504304601440258',1,'tiebanfeiliniupai','https://restkeeper-wzh.oss-cn-beijing.aliyuncs.com/1587693799424_牛排.png','铁板菲力牛排',1,'2020-04-24 12:02:30',1,'1253495517144494082','f3deb'),
('1253504947873456129','黑糖牛排','1253504304601440258',1,'heitangniupai','https://restkeeper-wzh.oss-cn-beijing.aliyuncs.com/1587710734493_黑糖牛排.jpg','黑糖牛排',1,'2020-04-24 14:45:36',0,'1253495517144494082','f3deb'),
('1255508731432611842','西红柿鸡蛋','1255507426915987457',2400,'XHSJD','https://restkeeper-wzh.oss-cn-beijing.aliyuncs.com/1588171575918_林大廚教你做番茄炒蛋，是先炒蛋，還是先炒.jpg','西红柿鸡蛋',1,'2020-04-29 22:55:14',0,'1255496202459381762','pifh8xt1'),
('1255509005647818754','酸辣土豆丝','1255507448873168898',1200,'SLTDS','https://restkeeper-wzh.oss-cn-beijing.aliyuncs.com/1588171642270_酸辣土豆丝的做法步骤图，酸辣土豆丝怎么做好吃】我是做饭的小能手_下厨房.jpg','酸辣土豆丝',1,'2020-04-29 22:47:28',0,'1255496202459381762','pifh8xt1'),
('1255509640510255106','糖醋排骨','1255507426915987457',3700,'TCPG','https://restkeeper-wzh.oss-cn-beijing.aliyuncs.com/1588171793740_懒人版糖醋排骨的做法_懒人版糖醋排骨怎么做_懒人版糖醋排骨的家常做法 ....jpg','糖醋排骨',1,'2020-04-29 22:49:59',0,'1255496202459381762','pifh8xt1'),
('1255514586265694210','test','1255514223806525441',1800,'test','https://restkeeper-wzh.oss-cn-beijing.aliyuncs.com/1588172975947_02.png','',1,'2020-04-29 23:09:38',0,'1255513650571018241','naw94n44'),
('1255752125631270914','午餐减肥套','1255514223806525441',4500,'BG6565','https://restkeeper-wzh.oss-cn-beijing.aliyuncs.com/1588229592035_WX20200430-145257.png','非常爽口',0,'2020-04-30 14:53:32',1,'1205130634395324417','f3deb'),
('1255752928433639425','晚餐套','1255514223806525441',4500,'JY3443','https://restkeeper-wzh.oss-cn-beijing.aliyuncs.com/1588229799220_WX20200430-145257.png','34234',0,'2020-04-30 14:56:44',1,'1205130634395324417','f3deb'),
('1263021961381953538','苦瓜酿肉','1227597954538098689',2200,'qqqq','','',1,'2020-06-09 21:23:14',0,'1205130634395324417','f3deb'),
('1270344417838907393','冰镇酸梅汤（一扎）','1270341411177250817',1500,'smt','','',1,'2020-06-09 21:18:31',0,'1205130634395324417','f3deb'),
('1270345076877312002','小劲洒','1270341411177250817',2000,'jing','','',1,'2020-06-09 21:20:43',0,'1205130634395324417','f3deb'),
('1270345258608115714','蒜蓉空心菜','1270341335298097154',1200,'kxc','','',1,'2020-06-09 21:21:26',0,'1205130634395324417','f3deb'),
('1270345413239521282','耗油生菜','1270341335298097154',1200,'hysc','','',1,'2020-06-09 21:22:03',0,'1205130634395324417','f3deb'),
('1275389036649893889','小鸡','1227597954538098689',33300,'333','https://restkeeper-wzh.oss-cn-beijing.aliyuncs.com/1592911413618_img_brand01@2x.png','3333',0,'2020-06-23 19:23:37',1,'1205130634395324417','f3deb'),
('1275389946558009346','小鸡炖蘑菇','1227597954538098689',333,'333','https://restkeeper-wzh.oss-cn-beijing.aliyuncs.com/1592911628388_img_brand01@2x.png','小鸡炖蘑菇',1,'2020-06-23 19:27:14',1,'1205130634395324417','f3deb'),
('1277208522612903937','蘑菇','1270341335298097154',33,'333','https://restkeeper-wzh.oss-cn-beijing.aliyuncs.com/1593345202056_img_brand01@2x.png','蘑菇',1,'2020-06-28 19:53:36',1,'1205130634395324417','f3deb'),
('1277231903047520258','小鸡炖蘑菇','1270341358178025474',44,'444','https://restkeeper-wzh.oss-cn-beijing.aliyuncs.com/1593350782472_img_brand01@2x.png','小鸡炖蘑菇',1,'2020-06-28 21:26:30',1,'1205130634395324417','f3deb'),
('1282353140920799234','水煮肉片','1282346024810106881',1,'SZRP','https://restkeeper-wzh.oss-cn-beijing.aliyuncs.com/1594571781767_水煮肉片.jpeg','',1,'2020-09-23 14:53:35',0,'1282344676983062530','f3deb'),
('1282353845303824385','干锅有机菜花','1282346024810106881',3600,'GGYJCH','https://restkeeper-wzh.oss-cn-beijing.aliyuncs.com/1594571953331_干锅有机菜花.jpeg','',1,'2020-07-13 00:39:16',0,'1282344676983062530','f3deb'),
('1282575900687273986','可乐鸡翅','1282346024810106881',3700,'KLJC','https://restkeeper-wzh.oss-cn-beijing.aliyuncs.com/1594624864414_可乐鸡翅.jpg','',1,'2020-07-13 15:21:38',0,'1282344676983062530','f3deb'),
('1282576131206221826','红烧排骨','1282346024810106881',4700,'HSPG','https://restkeeper-wzh.oss-cn-beijing.aliyuncs.com/1594624935150_红烧排骨.jpg','',1,'2020-07-13 15:22:33',0,'1282344676983062530','f3deb'),
('1282576301205557249','32323','1227597954538098689',2323200,'323232','https://restkeeper-wzh.oss-cn-beijing.aliyuncs.com/1594624991606_22222.jpg','3232323',1,'2020-07-13 15:23:14',1,'1205130634395324417','f3deb'),
('1282576414929915906','444','1227597954538098689',44400,'4444','https://restkeeper-wzh.oss-cn-beijing.aliyuncs.com/1594625014167_22222.jpg','232323',1,'2020-07-22 11:09:18',1,'1205130634395324417','f3deb'),
('1282608016498188289','香酥糖醋里脊','1282346024810106881',3700,'TCLJ','https://restkeeper-wzh.oss-cn-beijing.aliyuncs.com/1594632553265_香酥糖醋里脊.jpg','',1,'2020-07-13 17:29:15',0,'1282344676983062530','f3deb'),
('1282609048523464705','地三鲜','1282346024810106881',1,'DSX','https://restkeeper-wzh.oss-cn-beijing.aliyuncs.com/1594632799677_地三鲜.jpg','',1,'2020-07-13 17:44:00',0,'1282344676983062530','f3deb'),
('1282609367596752897','卤牛肉','1282346052844834818',3700,'LNR','https://restkeeper-wzh.oss-cn-beijing.aliyuncs.com/1594632875954_低脂美味的凉菜  卤牛肉.jpg','',1,'2020-07-13 17:34:38',0,'1282344676983062530','f3deb'),
('1282609537088577538','芹菜花生米','1282346052844834818',1,'QCHSM','https://restkeeper-wzh.oss-cn-beijing.aliyuncs.com/1594632916863_赏心清口夏季小凉菜---芹菜花生米.jpg','',1,'2020-07-13 17:45:43',0,'1282344676983062530','f3deb'),
('1282609737534365698','盐水毛豆','1282346052844834818',1,'YSMD','https://restkeeper-wzh.oss-cn-beijing.aliyuncs.com/1594632964230_夏天常吃的小凉菜--盐水毛豆.jpg','',1,'2020-09-21 09:33:20',0,'1282344676983062530','f3deb'),
('1288370646382878722','11','1270341335298097154',3300,'22','','',1,'2020-07-29 15:07:54',1,'1205130634395324417','f3deb'),
('1288676484335083521','test1','1288676329787564034',10000,'123456','https://restkeeper-wzh.oss-cn-beijing.aliyuncs.com/1596079388892_4602c4fa5bd5f58af92b2ca6c5c9b83.png','111',0,'2020-07-30 11:34:35',1,'1205130634395324417','f3deb'),
('1288734908901052418','111','1270341335298097154',100,'111','','',0,'2020-07-30 15:15:20',1,'1205130634395324417','f3deb'),
('1288734994133504002','12','1270341335298097154',1200,'12','','',1,'2020-07-30 15:15:41',1,'1205130634395324417','f3deb'),
('1289139643294494722','asdfasdf','1270341335298097154',12300,'234','https://restkeeper-wzh.oss-cn-beijing.aliyuncs.com/1596189813036_付款.png','234234',1,'2020-07-31 18:03:37',1,'1205130634395324417','f3deb'),
('1290466043397988353','毛血旺','1273560309322317825',3000,'25814','','',1,'2020-08-04 09:54:15',0,'1205130634395324417','f3deb'),
('1291578736909541378','888','1270341335298097154',88800,'66666','https://restkeeper-wzh.oss-cn-beijing.aliyuncs.com/1596771337343_出差.png','',1,'2020-08-07 11:35:42',1,'1205130634395324417','f3deb'),
('1292753213005553666','测试 1','32428997',1000,'1111','','',1,'2020-08-10 17:22:39',1,'1205130634395324417','f3deb'),
('1292753260438937602','测试2','32428997',1200,'123','','',1,'2020-08-10 17:22:50',1,'1205130634395324417','f3deb'),
('1292760555617050626','嗯嗯','1292760336821182465',12200,'1221312321','https://restkeeper-wzh.oss-cn-beijing.aliyuncs.com/1597053103639_pic05@4x.jpg','额请问请问请问请问请问',1,'2020-08-10 17:51:49',0,'1291570821364498434','f3deb'),
('1308660636777988098','日本豆腐','1282346224077295617',1000,'12345','','',0,'2020-09-23 14:53:04',1,'1282344676983062530','f3deb'),
('1313792957030088705','test','1227597954538098689',1200,'1312','','',1,'2020-10-07 18:47:05',1,'1205130634395324417','f3deb'),
('1313793783832264706','test','1227597954538098689',1200,'1312','','',1,'2020-10-07 18:50:22',1,'1291570821364498434','f3deb'),
('1313796323399450626','test','1227597954538098689',1200,'1312','','',0,'2020-10-07 19:00:27',0,'1205130634395324417','f3deb'),
('1313823299489251330','test','1227597954538098689',1200,'1312','','',1,'2020-10-07 20:47:39',1,'1291570821364498434','f3deb'),
('1313833000134262785','test1','1292760336821182465',1200,'阿斯蒂芬','https://restkeeper-wzh.oss-cn-beijing.aliyuncs.com/1602076658529_favicon.ico','',0,'2020-10-07 22:18:56',0,'1291570821364498434','f3deb'),
('1314446087119978497','123','1292760336821182465',2100,'12','https://restkeeper-wzh.oss-cn-beijing.aliyuncs.com/1602220684208_1桌.png','',1,'2020-10-09 14:02:23',0,'1291570821364498434','f3deb'),
('1328894015146405890','麻婆豆腐1','1282346024810106881',10,'13','','',0,'2020-11-18 10:53:18',1,'1282344676983062530','f3deb'),
('252342','鱼香肉丝','1270341358178025474',1200,'YUXIANGROUSI','\"\"','鱼香肉丝',0,'2020-06-09 21:16:33',1,'1205130634395324417','f3deb'),
('2523424242','京酱肉丝','1227597954538098689',1800,'YUXIANGROUSI','\"\"','京酱肉丝',1,'2020-06-09 21:22:28',0,'1205130634395324417','f3deb'),
('643454353','回锅肉','1227597954538098689',1,'232','string','阿尔法蛋',1,'2020-02-14 08:51:30',1,'1227446499520884738','f3deb'),
('879989241','辣子鸡丁','32428997',1,'32','\"\"','辣子鸡丁',1,'2020-08-04 15:40:41',0,'1205130634395324417','f3deb'),
('89032224','水煮肉片','32428997',1,'SHUIZHUROUPIAN','\"\"','水煮肉片',1,'2020-08-04 15:40:20',0,'1205130634395324417','f3deb'),
('897897897','麻婆豆腐','1270341358178025474',22,'MAPODOUFU','https://restkeeper-wzh.oss-cn-beijing.aliyuncs.com/1593402790691_img_brand01@2x.png','麻婆豆腐222',1,'2020-08-04 15:39:28',1,'1205130634395324417','f3deb');

/*Table structure for table `t_dish_flavor` */

DROP TABLE IF EXISTS `t_dish_flavor`;

CREATE TABLE `t_dish_flavor` (
  `id` varchar(32) CHARACTER SET utf8 COLLATE utf8_bin NOT NULL COMMENT '主键id',
  `dish_id` varchar(32) CHARACTER SET utf8 COLLATE utf8_bin NOT NULL COMMENT '菜品',
  `flavor_name` varchar(64) CHARACTER SET utf8 COLLATE utf8_bin NOT NULL COMMENT '口味名称',
  `flavor_value` varchar(500) CHARACTER SET utf8 COLLATE utf8_bin DEFAULT NULL COMMENT '口味数据list',
  `store_id` varchar(32) CHARACTER SET utf8 COLLATE utf8_bin NOT NULL COMMENT '门店主键id',
  `shop_id` varchar(32) CHARACTER SET utf8 COLLATE utf8_bin NOT NULL COMMENT '所属商户',
  `last_update_time` timestamp NOT NULL ON UPDATE CURRENT_TIMESTAMP,
  PRIMARY KEY (`id`) USING BTREE
) ENGINE=InnoDB DEFAULT CHARSET=utf8 COLLATE=utf8_bin ROW_FORMAT=DYNAMIC COMMENT='菜品口味关系表';

/*Data for the table `t_dish_flavor` */

insert  into `t_dish_flavor`(`id`,`dish_id`,`flavor_name`,`flavor_value`,`store_id`,`shop_id`,`last_update_time`) values 
('1215660843687170049','1215654584707670017','string','[string]','1205130634395324417','test','2020-01-10 15:45:06'),
('1227895234709250049','1227895234239488002','甜味','[无糖, 少糖, 半躺, 多糖, 全糖]','null','f3deb','2020-02-13 18:00:12'),
('1227895234897993729','1227895234239488002','温度','[热饮, 常温, 去冰, 少冰, 多冰]','null','f3deb','2020-02-13 18:00:12'),
('1227954255008960514','1227954254711164929','温度','[热饮, 常温, 去冰, 少冰, 多冰]','1227446499520884738','f3deb','2020-02-13 21:54:43'),
('1227954255059292162','1227954254711164929','甜味','[无糖, 少糖, 半躺, 多糖]','1227446499520884738','f3deb','2020-02-13 21:54:43'),
('1228119369293058049','1227885402505687042','甜味','[无糖,  少糖,  半躺,  多糖,  全糖]','1227446499520884738','f3deb','2020-02-14 08:50:50'),
('1228119538482892802','string','甜味','[无糖, 少糖, 半躺, 多糖, 全糖]','1227446499520884738','f3deb','2020-02-14 08:51:30'),
('1228119538487087105','string','忌口','[不要葱, 不要蒜, 不要香菜, 不要辣]','1227446499520884738','f3deb','2020-02-14 08:51:30'),
('1228119719894929410','1228119719806849026','甜味','[无糖, 少糖, 半躺, 多糖]','1227446499520884738','f3deb','2020-02-14 08:52:13'),
('1228126468236464130','1228126468169355266','甜味','[无糖, 少糖, 半躺, 多糖, 全糖]','1227446499520884738','f3deb','2020-02-14 09:19:02'),
('1229216146410737665','1229216146305880065','甜味','[无糖, 少糖, 半躺, 多糖, 全糖]','1227446499520884738','f3deb','2020-02-17 09:29:02'),
('1250000771277193217','1250000771142975490','忌口','[不要葱, 不要蒜, 不要香菜, 不要辣]','1227446499520884738','f3deb','2020-04-14 17:59:42'),
('1250000886062710785','1250000886045933569','辣度','[不辣, 微辣, 中辣, 重辣]','1227446499520884738','f3deb','2020-04-14 18:00:10'),
('1250247567165423617','1244560945182707714','甜味','[无糖,  少糖,  半躺,  多糖,  全糖]','1227446499520884738','f3deb','2020-04-15 10:20:23'),
('1250247697776050177','1244561027818885122','甜味','[无糖,   少糖,   半躺,   多糖,   全糖]','1227446499520884738','f3deb','2020-04-15 10:20:54'),
('1250686295482642434','1228126810823020545','忌口','[不要葱,不要蒜, 不要香菜,不要辣]','1227446499520884738','f3deb','2020-04-21 07:32:30'),
('1253534681864921090','1253502842026663938','甜味','[无糖,  少糖,  半躺,  多糖,  全糖]','1253495517144494082','f3deb','2020-04-24 12:02:12'),
('1253534682007527425','1253502842026663938','温度','[热饮,  常温,  去冰,  少冰,  多冰]','1253495517144494082','f3deb','2020-04-24 12:02:12'),
('1255509005672984577','1255509005647818754','','[]','1255496202459381762','pifh8xt1','2020-04-29 22:47:28'),
('1255509640527032321','1255509640510255106','','[]','1255496202459381762','pifh8xt1','2020-04-29 22:49:59'),
('1255510961346916354','1255508731432611842','甜味','[无糖, 少糖, 半躺, 多糖, 全糖]','1255496202459381762','pifh8xt1','2020-04-29 22:55:14'),
('1255514586332803074','1255514586265694210','甜味','[无糖, 少糖, 半躺, 多糖, 全糖]','1255513650571018241','naw94n44','2020-04-29 23:09:38'),
('1255514586366357506','1255514586265694210','温度','[热饮, 常温, 去冰, 少冰, 多冰]','1255513650571018241','naw94n44','2020-04-29 23:09:38'),
('1255752125748711425','1255752125631270914','甜味','[无糖, 少糖, 半躺, 多糖, 全糖]','1205130634395324417','f3deb','2020-04-30 14:53:32'),
('1255752125769682945','1255752125631270914','忌口','[不要葱, 不要蒜, 不要香菜, 不要辣]','1205130634395324417','f3deb','2020-04-30 14:53:32'),
('1255752928475582465','1255752928433639425','甜味','[无糖, 少糖, 半躺, 多糖, 全糖]','1205130634395324417','f3deb','2020-04-30 14:56:44'),
('1270342968975310849','1253216916033585154','辣度','[不辣,  微辣,  中辣,  重辣]','1205130634395324417','f3deb','2020-06-09 21:12:20'),
('1275389036964466689','1275389036649893889','温度','[热饮, 常温, 去冰, 少冰, 多冰]','1205130634395324417','f3deb','2020-06-23 19:23:37'),
('1275389946591563777','1275389946558009346','温度','[热饮, 常温, 去冰, 少冰, 多冰]','1205130634395324417','f3deb','2020-06-23 19:27:14'),
('1275389946595758081','1275389946558009346','忌口','[不要葱]','1205130634395324417','f3deb','2020-06-23 19:27:14'),
('1277208522675818498','1277208522612903937','温度','[热饮, 常温, 去冰, 少冰, 多冰]','1205130634395324417','f3deb','2020-06-28 19:53:36'),
('1277208522696790017','1277208522612903937','忌口','[不要葱]','1205130634395324417','f3deb','2020-06-28 19:53:36'),
('1277231903127212034','1277231903047520258','甜味','[无糖, 少糖, 半躺, 多糖, 全糖]','1205130634395324417','f3deb','2020-06-28 21:26:30'),
('1277450066167173121','897897897','忌口','[不要葱, 不要蒜]','1205130634395324417','f3deb','2020-06-29 11:53:24'),
('1277450066242670593','897897897','','[]','1205130634395324417','f3deb','2020-06-29 11:53:24'),
('1282576301239111681','1282576301205557249','','[]','1205130634395324417','f3deb','2020-07-13 15:23:14'),
('1285773886158397442','1282576414929915906','甜味','[无糖,  少糖,  半躺,  多糖,  全糖]','1205130634395324417','f3deb','2020-07-22 11:09:18'),
('1288370646462570497','1288370646382878722','温度','[热饮, 常温, 去冰, 少冰, 多冰]','1205130634395324417','f3deb','2020-07-29 15:07:54'),
('1288679355210342402','1288676484335083521','甜味','[无糖,    少糖,    半躺,    多糖,    全糖]','1205130634395324417','f3deb','2020-07-30 11:34:35'),
('1288679355210342403','1288676484335083521','温度','[热饮,    常温,    去冰,    少冰,    多冰]','1205130634395324417','f3deb','2020-07-30 11:34:35'),
('1290457274056257537','1253213077389787137','甜味','[无糖,    少糖,    半躺,    多糖,    全糖]','1205130634395324417','f3deb','2020-08-04 09:19:24'),
('1290553136715456513','89032224','甜味','[无糖, 少糖, 半躺, 多糖, 全糖]','1205130634395324417','f3deb','2020-08-04 15:40:20'),
('1290553227513749506','879989241','辣度','[不辣, 微辣, 中辣, 重辣]','1205130634395324417','f3deb','2020-08-04 15:40:41'),
('1290553227522138114','879989241','忌口','[不要葱, 不要蒜, 不要香菜, 不要辣]','1205130634395324417','f3deb','2020-08-04 15:40:41'),
('1291578736943095809','1291578736909541378','甜味','[无糖, 少糖, 半躺, 多糖]','1205130634395324417','f3deb','2020-08-07 11:35:42'),
('1291578736968261634','1291578736909541378','辣度','[不辣, 微辣, 中辣, 重辣]','1205130634395324417','f3deb','2020-08-07 11:35:42'),
('1292760555646410753','1292760555617050626','甜味','[无糖, 多糖, 全糖]','1291570821364498434','f3deb','2020-08-10 17:51:49'),
('1292760555667382273','1292760555617050626','','[]','1291570821364498434','f3deb','2020-08-10 17:51:49'),
('1292760555671576578','1292760555617050626','','[]','1291570821364498434','f3deb','2020-08-10 17:51:49'),
('1308660636811542529','1308660636777988098','忌口','[不要葱, 不要蒜, 不要香菜, 不要辣]','1282344676983062530','f3deb','2020-09-23 14:53:04'),
('1313846270471716865','1313833000134262785','','[]','1291570821364498434','f3deb','2020-10-07 22:18:56'),
('1313846270501076994','1313833000134262785','','[]','1291570821364498434','f3deb','2020-10-07 22:18:56'),
('1328894015238680578','1328894015146405890','辣度','[重辣]','1282344676983062530','f3deb','2020-11-18 10:53:18');

/*Table structure for table `t_payment_setting` */

DROP TABLE IF EXISTS `t_payment_setting`;

CREATE TABLE `t_payment_setting` (
  `id` varchar(32) CHARACTER SET utf8 COLLATE utf8_bin NOT NULL COMMENT '主键id',
  `pay_type` varchar(32) CHARACTER SET utf8 COLLATE utf8_bin NOT NULL COMMENT '支付配置类型 1 支付宝 2 微信',
  `appid` varchar(32) CHARACTER SET utf8 COLLATE utf8_bin DEFAULT NULL COMMENT 'appid',
  `public_key` varchar(500) CHARACTER SET utf8 COLLATE utf8_bin NOT NULL COMMENT '商户公钥',
  `private_key` varchar(500) CHARACTER SET utf8 COLLATE utf8_bin NOT NULL COMMENT '私钥',
  `last_update_time` datetime NOT NULL COMMENT '最后更新时间',
  `store_id` varchar(32) CHARACTER SET utf8 COLLATE utf8_bin NOT NULL COMMENT '所属门店',
  `shop_id` varchar(32) CHARACTER SET utf8 COLLATE utf8_bin NOT NULL COMMENT '所属商户',
  `is_deleted` int(11) NOT NULL DEFAULT '0' COMMENT '是否删除',
  PRIMARY KEY (`id`) USING BTREE
) ENGINE=InnoDB DEFAULT CHARSET=utf8 COLLATE=utf8_bin ROW_FORMAT=DYNAMIC COMMENT='支付配置';

/*Data for the table `t_payment_setting` */

/*Table structure for table `t_printer` */

DROP TABLE IF EXISTS `t_printer`;

CREATE TABLE `t_printer` (
  `printer_id` varchar(32) CHARACTER SET utf8 COLLATE utf8_bin NOT NULL,
  `printer_name` varchar(50) CHARACTER SET utf8 COLLATE utf8_bin NOT NULL,
  `machine_code` varchar(32) CHARACTER SET utf8 COLLATE utf8_bin DEFAULT NULL COMMENT '打印机终端号',
  `hardware_version` varchar(50) CHARACTER SET utf8 COLLATE utf8_bin DEFAULT NULL COMMENT '打印机硬件版本号',
  `software_version` varchar(50) CHARACTER SET utf8 COLLATE utf8_bin DEFAULT NULL COMMENT '软件版本号',
  `state` int(11) DEFAULT '1' COMMENT '打印机状态',
  `area_type` int(11) NOT NULL COMMENT '打印机所在区域类型，1:后厨打印机；2:收银区打印',
  `printer_number` int(11) NOT NULL DEFAULT '1' COMMENT '打印份数',
  `enable_made_menu` tinyint(1) NOT NULL DEFAULT '0' COMMENT '是否支持制作菜单',
  `enable_change_menu` tinyint(1) NOT NULL DEFAULT '0' COMMENT '是否支持转菜单',
  `enable_change_table` tinyint(1) NOT NULL DEFAULT '0' COMMENT '是否支持转台单',
  `enable_return_dish` tinyint(1) NOT NULL DEFAULT '0' COMMENT '是否支持退菜打印',
  `enable_beforehand` tinyint(1) NOT NULL DEFAULT '0' COMMENT '是否支持前台预结单',
  `enable_bill` tinyint(1) NOT NULL DEFAULT '0' COMMENT '是否支持结账单',
  `enable_customer` tinyint(1) NOT NULL DEFAULT '0' COMMENT '是否支持打印客单',
  `shop_id` varchar(32) CHARACTER SET utf8 COLLATE utf8_bin NOT NULL,
  `store_id` varchar(32) CHARACTER SET utf8 COLLATE utf8_bin NOT NULL,
  `is_deleted` int(11) NOT NULL DEFAULT '0',
  `last_update_time` datetime NOT NULL,
  PRIMARY KEY (`printer_id`) USING BTREE,
  UNIQUE KEY `t_printer_printer_id_uindex` (`printer_id`) USING BTREE
) ENGINE=InnoDB DEFAULT CHARSET=utf8 COLLATE=utf8_bin ROW_FORMAT=DYNAMIC COMMENT='打印机表';

/*Data for the table `t_printer` */

insert  into `t_printer`(`printer_id`,`printer_name`,`machine_code`,`hardware_version`,`software_version`,`state`,`area_type`,`printer_number`,`enable_made_menu`,`enable_change_menu`,`enable_change_table`,`enable_return_dish`,`enable_beforehand`,`enable_bill`,`enable_customer`,`shop_id`,`store_id`,`is_deleted`,`last_update_time`) values 
('1275264195766591489','234','234',NULL,NULL,0,2,0,0,0,0,0,1,0,0,'f3deb','1205130634395324417',1,'2020-06-23 11:07:32'),
('1275264410057777153','一号大厅','1234234234',NULL,NULL,0,2,0,0,0,0,0,1,1,0,'f3deb','1205130634395324417',0,'2020-06-23 11:08:23'),
('1275264743983095809','123','123',NULL,NULL,0,2,0,0,0,0,0,1,0,0,'f3deb','1205130634395324417',0,'2020-06-23 11:09:43'),
('1275318845152763906','123123','123123',NULL,NULL,0,2,0,0,0,0,0,1,1,1,'f3deb','1205130634395324417',1,'2020-06-23 14:44:42'),
('1275319397941059585','打印机','4004663678',NULL,NULL,0,2,0,1,1,1,1,1,1,1,'f3deb','1205130634395324417',0,'2020-06-23 14:53:12'),
('1275319543282081793','223','3333333',NULL,NULL,0,2,0,0,0,0,0,1,1,1,'f3deb','1205130634395324417',1,'2020-06-23 14:52:45'),
('1275349276183097346','厨房一号','234234234234',NULL,NULL,0,2,0,1,1,1,1,0,0,0,'f3deb','1205130634395324417',1,'2020-06-23 16:45:37'),
('1275349462703796226','厨房一号','345345345',NULL,NULL,0,1,0,1,1,1,1,0,0,0,'f3deb','1205130634395324417',0,'2020-08-10 16:17:46'),
('1275357076967702530','123123123','123123123123123',NULL,NULL,0,1,0,1,1,1,1,0,0,0,'f3deb','1205130634395324417',1,'2020-06-23 17:16:37'),
('1275359766338609153','新建一条试试','23242342342342',NULL,NULL,0,1,0,1,1,1,1,0,0,0,'f3deb','1205130634395324417',0,'2020-07-13 16:24:48'),
('1275619211899670529','23222222222','23333333',NULL,NULL,0,2,3,0,0,0,0,1,1,1,'f3deb','1205130634395324417',1,'2020-06-24 10:38:15'),
('1282591838270722049','22222','2',NULL,NULL,0,2,3,0,0,0,0,1,0,0,'f3deb','1205130634395324417',1,'2020-07-13 16:24:58'),
('1282591879504924674','32323232','32',NULL,NULL,0,2,3,0,0,0,0,1,0,0,'f3deb','1205130634395324417',1,'2020-07-13 16:25:08'),
('1282591883619536897','32323232','32',NULL,NULL,0,2,3,0,0,0,0,1,0,0,'f3deb','1205130634395324417',1,'2020-07-13 16:25:09'),
('1282591888585592834','32323232','32',NULL,NULL,0,2,3,0,0,0,0,1,0,0,'f3deb','1205130634395324417',1,'2020-07-13 16:25:10'),
('1282591889378316290','32323232','32',NULL,NULL,0,2,3,0,0,0,0,1,0,0,'f3deb','1205130634395324417',1,'2020-07-13 16:25:10'),
('1282591890208788481','32323232','32',NULL,NULL,0,2,3,0,0,0,0,1,0,0,'f3deb','1205130634395324417',0,'2020-07-13 16:25:11'),
('1282591891848761345','32323232','32',NULL,NULL,0,2,3,0,0,0,0,1,0,0,'f3deb','1205130634395324417',1,'2020-07-13 16:25:11'),
('1282591892641484801','32323232','32',NULL,NULL,0,2,3,0,0,0,0,1,0,0,'f3deb','1205130634395324417',1,'2020-07-13 16:25:11'),
('1282591893409042434','32323232','32',NULL,NULL,0,2,3,0,0,0,0,1,0,0,'f3deb','1205130634395324417',1,'2020-07-13 16:25:11'),
('1287638852679249921','打印机一号','FE3234234234',NULL,NULL,0,2,3,0,0,0,0,1,1,1,'f3deb','1205130634395324417',1,'2020-07-27 14:40:00'),
('1287639532194246657','123','123',NULL,NULL,0,2,1,0,0,0,0,1,1,1,'f3deb','1205130634395324417',1,'2020-07-27 14:42:42'),
('1287639853519876097','请问','234234234',NULL,NULL,0,2,1,0,0,0,0,0,1,0,'f3deb','1205130634395324417',0,'2020-07-27 14:43:59'),
('1287640386888544258','二','234234',NULL,NULL,0,1,1,1,1,0,0,0,0,0,'f3deb','1205130634395324417',1,'2020-07-27 14:46:06'),
('1288713705276645378','PRINT11','123',NULL,NULL,0,2,1,0,0,0,0,1,1,1,'f3deb','1205130634395324417',1,'2020-07-30 13:51:28'),
('1288716287214690305','print1','122',NULL,NULL,0,1,2,1,0,0,0,0,0,0,'f3deb','1205130634395324417',1,'2020-07-30 14:01:21'),
('1292736654501535745','打印机2号','111',NULL,NULL,0,2,1,0,0,0,0,1,1,1,'f3deb','1205130634395324417',0,'2020-08-10 16:17:12'),
('1308957929980837889','S001','S0001',NULL,NULL,0,1,1,1,1,1,1,0,0,0,'f3deb','1282344676983062530',0,'2020-11-19 19:50:17'),
('1308958030279229442','S002','S0002',NULL,NULL,0,2,1,0,0,0,0,1,1,1,'f3deb','1282344676983062530',0,'2020-09-24 10:34:48'),
('1313008273329242113','器物','求文',NULL,NULL,0,1,1,1,1,1,1,0,0,0,'f3deb','1291570821364498434',0,'2020-10-05 14:49:02'),
('1314772189617078274','1111111111111','1111111121',NULL,NULL,0,1,1,1,1,1,1,0,0,0,'f3deb','1291570821364498434',0,'2020-10-10 11:38:12'),
('1327535250987827202','是的','的身上的',NULL,NULL,0,1,1,1,0,0,0,0,0,0,'f3deb','1291570821364498434',0,'2020-11-14 16:54:03'),
('1328895582662668290','打印机','12345',NULL,NULL,0,1,1,1,1,1,1,0,0,0,'f3deb','1282344676983062530',1,'2020-11-18 10:59:31'),
('412414142','打印机','4004663678',NULL,NULL,1,2,1,1,1,1,1,1,1,1,'f3deb','1205130634395324417',1,'2020-05-05 17:27:10');

/*Table structure for table `t_printer_dish` */

DROP TABLE IF EXISTS `t_printer_dish`;

CREATE TABLE `t_printer_dish` (
  `id` varchar(32) CHARACTER SET utf8 COLLATE utf8_bin NOT NULL,
  `dish_id` varchar(32) CHARACTER SET utf8 COLLATE utf8_bin DEFAULT NULL,
  `printer_id` varchar(32) CHARACTER SET utf8 COLLATE utf8_bin DEFAULT NULL,
  `store_id` varchar(32) CHARACTER SET utf8 COLLATE utf8_bin DEFAULT NULL,
  `shop_id` varchar(32) CHARACTER SET utf8 COLLATE utf8_bin DEFAULT NULL,
  PRIMARY KEY (`id`) USING BTREE
) ENGINE=InnoDB DEFAULT CHARSET=utf8 COLLATE=utf8_bin ROW_FORMAT=DYNAMIC COMMENT='打印机菜品关联表';

/*Data for the table `t_printer_dish` */

insert  into `t_printer_dish`(`id`,`dish_id`,`printer_id`,`store_id`,`shop_id`) values 
('1275357077240332289','全部','1275357076967702530','1205130634395324417','f3deb'),
('1275357077286469634','1253213077389787137','1275357076967702530','1205130634395324417','f3deb'),
('1275357077324218369','1253216741579898882','1275357076967702530','1205130634395324417','f3deb'),
('1275357077336801282','1253216916033585154','1275357076967702530','1205130634395324417','f3deb'),
('1275357077349384193','1255752125631270914','1275357076967702530','1205130634395324417','f3deb'),
('1275357077366161410','1255752928433639425','1275357076967702530','1205130634395324417','f3deb'),
('1275357077378744322','1263021961381953538','1275357076967702530','1205130634395324417','f3deb'),
('1275357077395521537','1270344417838907393','1275357076967702530','1205130634395324417','f3deb'),
('1275357077408104450','1270345076877312002','1275357076967702530','1205130634395324417','f3deb'),
('1275357077416493057','1270345258608115714','1275357076967702530','1205130634395324417','f3deb'),
('1275357077429075969','1270345413239521282','1275357076967702530','1205130634395324417','f3deb'),
('1275357077441658882','252342','1275357076967702530','1205130634395324417','f3deb'),
('1275357077454241794','2523424242','1275357076967702530','1205130634395324417','f3deb'),
('1275357077471019009','879989241','1275357076967702530','1205130634395324417','f3deb'),
('1275357077483601922','89032224','1275357076967702530','1205130634395324417','f3deb'),
('1275357077496184833','897897897','1275357076967702530','1205130634395324417','f3deb'),
('1282591793727213569','1253213077389787137','1275359766338609153','1205130634395324417','f3deb'),
('1282591793760768001','1253216741579898882','1275359766338609153','1205130634395324417','f3deb'),
('1282591793769156609','1253216916033585154','1275359766338609153','1205130634395324417','f3deb'),
('1282591793773350914','1255752125631270914','1275359766338609153','1205130634395324417','f3deb'),
('1282591793781739522','1255752928433639425','1275359766338609153','1205130634395324417','f3deb'),
('1282591793785933826','1263021961381953538','1275359766338609153','1205130634395324417','f3deb'),
('1282591793790128129','1270344417838907393','1275359766338609153','1205130634395324417','f3deb'),
('1282591793798516738','1270345076877312002','1275359766338609153','1205130634395324417','f3deb'),
('1282591793806905346','1270345258608115714','1275359766338609153','1205130634395324417','f3deb'),
('1282591793811099649','1270345413239521282','1275359766338609153','1205130634395324417','f3deb'),
('1282591793819488257','252342','1275359766338609153','1205130634395324417','f3deb'),
('1282591793823682561','2523424242','1275359766338609153','1205130634395324417','f3deb'),
('1282591793832071170','879989241','1275359766338609153','1205130634395324417','f3deb'),
('1282591793836265473','89032224','1275359766338609153','1205130634395324417','f3deb'),
('1282591793840459778','897897897','1275359766338609153','1205130634395324417','f3deb'),
('1287640386896932866','1270345076877312002','1287640386888544258','1205130634395324417','f3deb'),
('1287640386930487297','1270345258608115714','1287640386888544258','1205130634395324417','f3deb'),
('1288716287227273218','全部','1288716287214690305','1205130634395324417','f3deb'),
('1288716287260827650','1253213077389787137','1288716287214690305','1205130634395324417','f3deb'),
('1288716287265021953','1270344417838907393','1288716287214690305','1205130634395324417','f3deb'),
('1288716287269216257','2523424242','1288716287214690305','1205130634395324417','f3deb'),
('1288716287277604865','1270345258608115714','1288716287214690305','1205130634395324417','f3deb'),
('1292736887146995714','全部','1275349462703796226','1205130634395324417','f3deb'),
('1292736887172161537','1253213077389787137','1275349462703796226','1205130634395324417','f3deb'),
('1292736887176355841','1253216741579898882','1275349462703796226','1205130634395324417','f3deb'),
('1292736887180550145','1253216916033585154','1275349462703796226','1205130634395324417','f3deb'),
('1292736887184744449','1255752125631270914','1275349462703796226','1205130634395324417','f3deb'),
('1292736887197327361','1255752928433639425','1275349462703796226','1205130634395324417','f3deb'),
('1292736887201521665','1263021961381953538','1275349462703796226','1205130634395324417','f3deb'),
('1292736887205715970','1270344417838907393','1275349462703796226','1205130634395324417','f3deb'),
('1292736887214104577','1270345076877312002','1275349462703796226','1205130634395324417','f3deb'),
('1292736887218298882','1270345258608115714','1275349462703796226','1205130634395324417','f3deb'),
('1292736887222493185','1270345413239521282','1275349462703796226','1205130634395324417','f3deb'),
('1292736887230881793','252342','1275349462703796226','1205130634395324417','f3deb'),
('1292736887230881794','2523424242','1275349462703796226','1205130634395324417','f3deb'),
('1292736887235076097','879989241','1275349462703796226','1205130634395324417','f3deb'),
('1292736887243464706','89032224','1275349462703796226','1205130634395324417','f3deb'),
('1292736887247659009','897897897','1275349462703796226','1205130634395324417','f3deb'),
('1328895582708805633','1282353140920799234','1328895582662668290','1282344676983062530','f3deb'),
('1328895582733971457','1282609048523464705','1328895582662668290','1282344676983062530','f3deb'),
('1329391543214256130','1282353140920799234','1308957929980837889','1282344676983062530','f3deb');

/*Table structure for table `t_remark` */

DROP TABLE IF EXISTS `t_remark`;

CREATE TABLE `t_remark` (
  `remark_id` varchar(32) CHARACTER SET utf8 COLLATE utf8_bin NOT NULL COMMENT '备注id',
  `remark_name` varchar(32) CHARACTER SET utf8 COLLATE utf8_bin NOT NULL COMMENT '备注名称',
  `remark_value` varchar(64) CHARACTER SET utf8 COLLATE utf8_bin DEFAULT NULL COMMENT '备注内容',
  `store_id` varchar(32) CHARACTER SET utf8 COLLATE utf8_bin NOT NULL COMMENT '所属门店',
  `shop_id` varchar(32) CHARACTER SET utf8 COLLATE utf8_bin DEFAULT NULL COMMENT '所属商户',
  `last_update_time` datetime NOT NULL COMMENT '最后更新时间',
  PRIMARY KEY (`remark_id`) USING BTREE
) ENGINE=InnoDB DEFAULT CHARSET=utf8 COLLATE=utf8_bin ROW_FORMAT=DYNAMIC COMMENT='门店备注信息';

/*Data for the table `t_remark` */

insert  into `t_remark`(`remark_id`,`remark_name`,`remark_value`,`store_id`,`shop_id`,`last_update_time`) values 
('1312404016825647105','退菜原因','[]','1291570821364498434','f3deb','2020-10-03 22:47:56'),
('1312404016850812930','打折原因','[店庆，节假日]','1291570821364498434','f3deb','2020-10-03 22:47:56'),
('1312404016850812931','赠菜原因','[客人生日,  客人投诉,  友情赠送]','1291570821364498434','f3deb','2020-10-03 22:47:56'),
('1312404016850812932','免单原因','[有异物,  老板朋友,  店内活动]','1291570821364498434','f3deb','2020-10-03 22:47:56'),
('1312404016855007233','反结账原因','[点菜有误,  钱算错了]','1291570821364498434','f3deb','2020-10-03 22:47:56'),
('1312404016855007234','整单备注','[微辣,  中辣]','1291570821364498434','f3deb','2020-10-03 22:47:56'),
('1328895866839347201','退菜原因','[上菜太慢]','1282344676983062530','f3deb','2020-11-18 11:00:39'),
('1328895866868707329','打折原因','[店庆，节假日]','1282344676983062530','f3deb','2020-11-18 11:00:39'),
('1328895866868707330','赠菜原因','[客人生日,  客人投诉,  友情赠送]','1282344676983062530','f3deb','2020-11-18 11:00:39'),
('1328895866872901633','免单原因','[有异物,  老板朋友,  店内活动]','1282344676983062530','f3deb','2020-11-18 11:00:39'),
('1328895866872901634','反结账原因','[点菜有误,  钱算错了]','1282344676983062530','f3deb','2020-11-18 11:00:39'),
('1328895866872901635','整单备注','[微辣,  中辣]','1282344676983062530','f3deb','2020-11-18 11:00:39');

/*Table structure for table `t_sell_calculation` */

DROP TABLE IF EXISTS `t_sell_calculation`;

CREATE TABLE `t_sell_calculation` (
  `id` varchar(32) CHARACTER SET utf8 COLLATE utf8_bin NOT NULL COMMENT '主键',
  `shop_id` varchar(32) CHARACTER SET utf8 COLLATE utf8_bin NOT NULL COMMENT '所属商户',
  `store_id` varchar(32) CHARACTER SET utf8 COLLATE utf8_bin NOT NULL COMMENT '所属门店',
  `dish_id` varchar(32) CHARACTER SET utf8 COLLATE utf8_bin NOT NULL COMMENT '菜品Id',
  `dish_name` varchar(255) CHARACTER SET utf8 COLLATE utf8_bin NOT NULL,
  `dish_type` int(11) NOT NULL COMMENT '1 普通菜品2 套餐',
  `sell_limit_total` int(11) NOT NULL COMMENT '设置的估清总数',
  `remainder` int(11) NOT NULL COMMENT '鍓╀綑浠芥暟',
  `last_update_time` datetime DEFAULT NULL COMMENT '最后更新时间',
  PRIMARY KEY (`id`) USING BTREE,
  UNIQUE KEY `dish_id` (`dish_id`) USING BTREE
) ENGINE=InnoDB DEFAULT CHARSET=utf8 COLLATE=utf8_bin ROW_FORMAT=DYNAMIC COMMENT='沽清';

/*Data for the table `t_sell_calculation` */

/*Table structure for table `t_setmeal` */

DROP TABLE IF EXISTS `t_setmeal`;

CREATE TABLE `t_setmeal` (
  `setmeal_id` varchar(32) CHARACTER SET utf8 COLLATE utf8_bin NOT NULL COMMENT '门店主键id',
  `category_id` varchar(32) CHARACTER SET utf8 COLLATE utf8_bin NOT NULL COMMENT '菜品分类id',
  `setmeal_name` varchar(64) CHARACTER SET utf8 COLLATE utf8_bin NOT NULL COMMENT '套餐名称',
  `price` int(11) NOT NULL COMMENT '濂楅浠锋牸',
  `status` int(11) DEFAULT NULL COMMENT '鐘舵€?',
  `code` varchar(32) CHARACTER SET utf8 COLLATE utf8_bin DEFAULT NULL COMMENT '编码',
  `description` varchar(512) CHARACTER SET utf8 COLLATE utf8_bin DEFAULT NULL COMMENT '描述信息',
  `image` varchar(512) CHARACTER SET utf8 COLLATE utf8_bin DEFAULT NULL COMMENT '鍥剧墖',
  `store_id` varchar(32) CHARACTER SET utf8 COLLATE utf8_bin NOT NULL COMMENT '所属门店id',
  `last_update_time` timestamp NULL DEFAULT NULL COMMENT '最后更新时间',
  `is_deleted` int(11) NOT NULL DEFAULT '0' COMMENT '是否删除',
  `shop_id` varchar(32) CHARACTER SET utf8 COLLATE utf8_bin NOT NULL COMMENT '所属商户',
  PRIMARY KEY (`setmeal_id`) USING BTREE
) ENGINE=InnoDB DEFAULT CHARSET=utf8 COLLATE=utf8_bin ROW_FORMAT=DYNAMIC COMMENT='套餐';

/*Data for the table `t_setmeal` */

insert  into `t_setmeal`(`setmeal_id`,`category_id`,`setmeal_name`,`price`,`status`,`code`,`description`,`image`,`store_id`,`last_update_time`,`is_deleted`,`shop_id`) values 
('1215666409876701186','string','string',0,1,NULL,'string','string','1205130634395324417','2020-01-10 16:07:13',0,'test'),
('1227972550076485634','1227533380984008706','12',121200,1,'1111','111','','1227446499520884738','2020-02-13 23:07:25',1,'f3deb'),
('1228125171441553409','1227533380984008706','阿斯蒂芬',12300,0,'阿斯蒂芬','','','1227446499520884738','2020-02-14 09:13:53',1,'f3deb'),
('1228126979652145153','1227533380984008706','werwer',23400,0,'234','234234','','1227446499520884738','2020-02-14 09:21:04',1,'f3deb'),
('1228128239369408514','1227533380984008706','werewr',12300,0,'123','123123','','1227446499520884738','2020-02-14 09:26:04',1,'f3deb'),
('1228258704868790274','1227533380984008706','test',111100,1,'1111','111111111','','1227446499520884738','2020-02-14 18:04:30',1,'f3deb'),
('1228532364871487489','1227853575627763713','大师傅',312400,1,'123','123123','https://restkeeper-wzh.oss-cn-beijing.aliyuncs.com/1581739904228_img_brand01@2x.jpg','1227446499520884738','2020-02-15 12:11:55',1,'f3deb'),
('1228532412288094209','1227853575627763713','大师傅',312400,1,'123','123123','https://restkeeper-wzh.oss-cn-beijing.aliyuncs.com/1581739904228_img_brand01@2x.jpg','1227446499520884738','2020-02-15 12:12:07',1,'f3deb'),
('1228532444890419202','1227853575627763713','大师傅',312400,1,'123','123123','https://restkeeper-wzh.oss-cn-beijing.aliyuncs.com/1581739904228_img_brand01@2x.jpg','1227446499520884738','2020-02-15 12:12:15',1,'f3deb'),
('1228684197736763394','1227533380984008706','test',111100,0,'11111','','','1227446499520884738','2020-02-15 22:15:15',1,'f3deb'),
('1229216748394024961','1227533380984008706','菜品测试',11100,1,'1212','','https://restkeeper-wzh.oss-cn-beijing.aliyuncs.com/1581903081669_baidu_jgylogo3.gif','1227446499520884738','2020-02-17 09:31:25',0,'f3deb'),
('1244828736469110785','1227853575627763713','666',6666600,1,'66666','66','','1227446499520884738','2020-03-31 11:27:53',1,'f3deb'),
('1244828757822312449','1227853575627763713','666',6666600,1,'66666','66','','1227446499520884738','2020-03-31 11:27:58',1,'f3deb'),
('1244828767754424322','1227853575627763713','666',6666600,1,'66666','66','','1227446499520884738','2020-03-31 11:28:01',1,'f3deb'),
('1244828770686242817','1227853575627763713','666',6666600,1,'66666','66','','1227446499520884738','2020-03-31 11:28:01',0,'f3deb'),
('1244828771374108674','1227853575627763713','666',6666600,1,'66666','66','','1227446499520884738','2020-03-31 11:28:02',1,'f3deb'),
('1244828772057780226','1227853575627763713','666',6666600,1,'66666','66','','1227446499520884738','2020-03-31 11:28:02',1,'f3deb'),
('1244828773555146753','1227853575627763713','666',6666600,1,'66666','66','','1227446499520884738','2020-03-31 11:28:02',1,'f3deb'),
('1244828890559451138','1227533380984008706','6777',77700,1,'777','777','','1227446499520884738','2020-03-31 11:28:30',1,'f3deb'),
('1244828891196985346','1227533380984008706','6777',77700,1,'777','777','','1227446499520884738','2020-03-31 11:28:30',1,'f3deb'),
('1244828891800965121','1227533380984008706','6777',77700,1,'777','777','','1227446499520884738','2020-03-31 11:28:30',1,'f3deb'),
('1244828892337836033','1227533380984008706','6777',77700,1,'777','777','','1227446499520884738','2020-03-31 11:28:30',1,'f3deb'),
('1244830263556476929','1227533380984008706','6777',77700,1,'777','777','','1227446499520884738','2020-03-31 11:33:57',0,'f3deb'),
('1244830263611002881','1227533380984008706','6777',77700,1,'777','777','','1227446499520884738','2020-03-31 11:33:57',0,'f3deb'),
('1244830263611002882','1227533380984008706','6777',77700,1,'777','777','','1227446499520884738','2020-03-31 11:33:57',0,'f3deb'),
('1244830263971713025','1227533380984008706','6777',77700,1,'777','777','','1227446499520884738','2020-03-31 11:33:57',1,'f3deb'),
('1244830264856711170','1227533380984008706','6777',77700,1,'777','777','','1227446499520884738','2020-03-31 11:33:58',0,'f3deb'),
('1244830330317213697','1227533380984008706','6777',77700,1,'777','777','','1227446499520884738','2020-03-31 11:34:13',0,'f3deb'),
('1244830330946359297','1227533380984008706','6777',77700,1,'777','777','','1227446499520884738','2020-03-31 11:34:13',1,'f3deb'),
('1244830805515079682','1227533380984008706','6777',77700,1,'777','777','','1227446499520884738','2020-03-31 11:36:07',1,'f3deb'),
('1252797051762188290','1227533380984008706','一号套餐',2300,1,'1231','恩我若翁绕弯儿','','1227446499520884738','2020-04-22 11:11:08',0,'f3deb'),
('1252797648984940546','1227853575627763713','套餐一号22',3400,1,'234','的反攻倒算','','1227446499520884738','2020-04-22 11:13:30',0,'f3deb'),
('1252839147760054274','1227533380984008706','测试22',3400,1,'345345','','','1227446499520884738','2020-04-22 13:58:24',0,'f3deb'),
('1252840376871481346','1227533380984008706','234234',23400,1,'234234','','','1227446499520884738','2020-04-22 14:03:17',0,'f3deb'),
('1253505380973092866','1253499085498949633','豪华牛排套餐',200,0,'haohuaniupaitaocan','豪华牛排套餐','https://restkeeper-wzh.oss-cn-beijing.aliyuncs.com/1587693909435_牛排.png','1253495517144494082','2020-04-24 10:05:46',0,'f3deb'),
('1255514712367443970','1255514268148707330','test',18800,1,'test','','https://restkeeper-wzh.oss-cn-beijing.aliyuncs.com/1588173002829_1559034567898.png','1255513650571018241','2020-04-29 23:10:08',0,'naw94n44'),
('1275602938381848577','5638903','儿童餐33',12100,1,'2222','222','https://restkeeper-wzh.oss-cn-beijing.aliyuncs.com/1592962407167_img_brand01@2x.png','1205130634395324417','2020-08-04 15:38:11',0,'f3deb'),
('1282579247788003329','1282575552576819201','2334444',44400,0,'44444','44','https://restkeeper-wzh.oss-cn-beijing.aliyuncs.com/1594625690749_22222.jpg','1205130634395324417','2020-07-13 15:34:56',1,'f3deb'),
('1288679638833373185','1288675751149772802','套餐11',3000,1,'33333','','','1205130634395324417','2020-07-31 17:54:58',1,'f3deb'),
('1288679695859130369','1288675751149772802','套餐13',3000,1,'33333','111','https://restkeeper-wzh.oss-cn-beijing.aliyuncs.com/1596080661303_f6acc1a3d36a4c7fa25a96b9409da134.png','1205130634395324417','2020-07-31 17:58:39',1,'f3deb'),
('1288735408912420866','1282575552576819201','12',100,1,'11','','','1205130634395324417','2020-07-31 17:58:59',1,'f3deb'),
('1288735453636284417','1282575552576819201','11',100,1,'11','','','1205130634395324417','2020-07-30 15:17:30',1,'f3deb'),
('1288735545483153409','1282575552576819201','112',1100,1,'11','12','https://restkeeper-wzh.oss-cn-beijing.aliyuncs.com/1596093459850_f6acc1a3d36a4c7fa25a96b9409da134.png','1205130634395324417','2020-07-30 15:17:52',1,'f3deb'),
('1290466355831693314','5638903','超值午餐',3200,1,'258','','','1205130634395324417','2020-08-04 15:38:16',0,'f3deb'),
('1292736238544019458','1273566204978626562','午餐套餐',1500,1,'123456','','','1205130634395324417','2020-08-10 17:24:32',1,'f3deb'),
('1308956344701698050','1308701759638618114','午餐超值套餐',100,1,'123456','','','1282344676983062530','2020-11-19 19:52:32',0,'f3deb'),
('1308956442777108482','1308701759638618114','超值午餐套餐',2500,1,'123456','','','1282344676983062530','2020-09-24 10:28:30',1,'f3deb'),
('1314449708700155906','1310950729563783170','12',1200,0,'s','','','1291570821364498434','2020-10-09 14:16:47',0,'f3deb'),
('1315087993134923778','1310950729563783170','123',12300,1,'123','','','1291570821364498434','2020-10-11 08:33:05',1,'f3deb'),
('1315188683593236481','1310950729563783170','123',12312300,1,'123123','','','1291570821364498434','2020-10-11 15:13:12',0,'f3deb'),
('1315188707773399042','1310950729563783170','1232321',12312300,1,'123123','','','1291570821364498434','2020-10-11 15:13:18',0,'f3deb'),
('1328894399877328898','1308701759638618114','午餐套餐',100,0,'123','','','1282344676983062530','2020-11-18 10:54:49',1,'f3deb'),
('453453','5638903','麻辣套餐1',1,0,'fsfs','麻辣套餐1','\"\"','1205130634395324417','2020-02-28 09:21:41',1,'f3deb'),
('string','string','string',0,0,'string','string','string','1227446499520884738','2020-02-13 23:03:58',1,'f3deb');

/*Table structure for table `t_setmeal_dish` */

DROP TABLE IF EXISTS `t_setmeal_dish`;

CREATE TABLE `t_setmeal_dish` (
  `id` varchar(32) CHARACTER SET utf8 COLLATE utf8_bin NOT NULL COMMENT '主键',
  `setmeal_id` varchar(32) CHARACTER SET utf8 COLLATE utf8_bin NOT NULL COMMENT '套餐id ',
  `dish_id` varchar(32) CHARACTER SET utf8 COLLATE utf8_bin NOT NULL COMMENT '菜品id',
  `dish_name` varchar(32) CHARACTER SET utf8 COLLATE utf8_bin DEFAULT NULL COMMENT '菜品名称 （冗余字段）',
  `dish_copies` int(11) NOT NULL COMMENT '份数',
  `t_order` int(11) NOT NULL COMMENT '排序',
  `store_id` varchar(32) CHARACTER SET utf8 COLLATE utf8_bin NOT NULL COMMENT '所属门店id',
  `shop_id` varchar(32) CHARACTER SET utf8 COLLATE utf8_bin NOT NULL COMMENT '所属商户',
  `last_update_time` timestamp NOT NULL ON UPDATE CURRENT_TIMESTAMP,
  PRIMARY KEY (`id`) USING BTREE
) ENGINE=InnoDB DEFAULT CHARSET=utf8 COLLATE=utf8_bin ROW_FORMAT=DYNAMIC COMMENT='套餐菜品关系';

/*Data for the table `t_setmeal_dish` */

insert  into `t_setmeal_dish`(`id`,`setmeal_id`,`dish_id`,`dish_name`,`dish_copies`,`t_order`,`store_id`,`shop_id`,`last_update_time`) values 
('1215666411290181633','1215666409876701186','string',NULL,0,0,'1205130634395324417','test','2020-01-10 16:07:13'),
('1227971681362063361','string','string',NULL,0,0,'1227446499520884738','f3deb','2020-02-13 23:03:58'),
('1227972552496599041','1227972550076485634','1227885402505687042',NULL,0,0,'1227446499520884738','f3deb','2020-02-13 23:07:26'),
('1227972552542736386','1227972550076485634','1227954254711164929',NULL,0,0,'1227446499520884738','f3deb','2020-02-13 23:07:26'),
('1228125171483496449','1228125171441553409','1227885402505687042',NULL,0,0,'1227446499520884738','f3deb','2020-02-14 09:13:53'),
('1228125171504467970','1228125171441553409','1227954254711164929',NULL,0,0,'1227446499520884738','f3deb','2020-02-14 09:13:53'),
('1228126979668922370','1228126979652145153','1228126468169355266',NULL,1,0,'1227446499520884738','f3deb','2020-02-14 09:21:04'),
('1228128239381991426','1228128239369408514','1228126468169355266',NULL,2,0,'1227446499520884738','f3deb','2020-02-14 09:26:04'),
('1228128239390380033','1228128239369408514','1228126810823020545',NULL,1,0,'1227446499520884738','f3deb','2020-02-14 09:26:04'),
('1228258705149808642','1228258704868790274','1228126810823020545',NULL,1,0,'1227446499520884738','f3deb','2020-02-14 18:04:30'),
('1228532412309065730','1228532412288094209','1228126810823020545',NULL,1,0,'1227446499520884738','f3deb','2020-02-15 12:12:07'),
('1228532444907196418','1228532444890419202','1228126810823020545',NULL,1,0,'1227446499520884738','f3deb','2020-02-15 12:12:15'),
('1228684197850009601','1228684197736763394','1228126810823020545',NULL,1,0,'1227446499520884738','f3deb','2020-02-15 22:15:15'),
('1229216748498882562','1229216748394024961','1229216146305880065',NULL,1,0,'1227446499520884738','f3deb','2020-02-17 09:31:25'),
('1244828736536219650','1244828736469110785','1244560945182707714',NULL,1,0,'1227446499520884738','f3deb','2020-03-31 11:27:53'),
('1244828757839089665','1244828757822312449','1244560945182707714',NULL,1,0,'1227446499520884738','f3deb','2020-03-31 11:27:58'),
('1244828767775395842','1244828767754424322','1244560945182707714',NULL,1,0,'1227446499520884738','f3deb','2020-03-31 11:28:01'),
('1244828770707214338','1244828770686242817','1244560945182707714',NULL,1,0,'1227446499520884738','f3deb','2020-03-31 11:28:01'),
('1244828771390885889','1244828771374108674','1244560945182707714',NULL,1,0,'1227446499520884738','f3deb','2020-03-31 11:28:02'),
('1244828772074557441','1244828772057780226','1244560945182707714',NULL,1,0,'1227446499520884738','f3deb','2020-03-31 11:28:02'),
('1244828773567729666','1244828773555146753','1244560945182707714',NULL,1,0,'1227446499520884738','f3deb','2020-03-31 11:28:02'),
('1244828890580422657','1244828890559451138','1244560945182707714',NULL,1,0,'1227446499520884738','f3deb','2020-03-31 11:28:30'),
('1244828891209568257','1244828891196985346','1244560945182707714',NULL,1,0,'1227446499520884738','f3deb','2020-03-31 11:28:30'),
('1244828891817742337','1244828891800965121','1244560945182707714',NULL,1,0,'1227446499520884738','f3deb','2020-03-31 11:28:30'),
('1244828892350418945','1244828892337836033','1244560945182707714',NULL,1,0,'1227446499520884738','f3deb','2020-03-31 11:28:30'),
('1244830263569059841','1244830263556476929','1244560945182707714',NULL,1,0,'1227446499520884738','f3deb','2020-03-31 11:33:57'),
('1244830263627780098','1244830263611002881','1244560945182707714',NULL,1,0,'1227446499520884738','f3deb','2020-03-31 11:33:57'),
('1244830263631974402','1244830263611002882','1244560945182707714',NULL,1,0,'1227446499520884738','f3deb','2020-03-31 11:33:57'),
('1244830263984295937','1244830263971713025','1244560945182707714',NULL,1,0,'1227446499520884738','f3deb','2020-03-31 11:33:57'),
('1244830264869294081','1244830264856711170','1244560945182707714',NULL,1,0,'1227446499520884738','f3deb','2020-03-31 11:33:58'),
('1244830330333990914','1244830330317213697','1244560945182707714',NULL,1,0,'1227446499520884738','f3deb','2020-03-31 11:34:13'),
('1244830330954747905','1244830330946359297','1244560945182707714',NULL,1,0,'1227446499520884738','f3deb','2020-03-31 11:34:13'),
('1244830805536051202','1244830805515079682','1244560945182707714',NULL,1,0,'1227446499520884738','f3deb','2020-03-31 11:36:07'),
('1252797052609437697','1252797051762188290','1228126519390195714',NULL,1,0,'1227446499520884738','f3deb','2020-04-22 11:11:08'),
('1252797052642992130','1252797051762188290','1228126810823020545',NULL,1,0,'1227446499520884738','f3deb','2020-04-22 11:11:08'),
('1252797649026883585','1252797648984940546','1244560945182707714',NULL,1,0,'1227446499520884738','f3deb','2020-04-22 11:13:30'),
('1252797649031077890','1252797648984940546','1228126810823020545',NULL,1,0,'1227446499520884738','f3deb','2020-04-22 11:13:30'),
('1252839147927826433','1252839147760054274','1228126519390195714',NULL,1,0,'1227446499520884738','f3deb','2020-04-22 13:58:24'),
('1252839147957186562','1252839147760054274','1228126810823020545',NULL,1,0,'1227446499520884738','f3deb','2020-04-22 13:58:24'),
('1252840376900841474','1252840376871481346','1244560945182707714',NULL,1,0,'1227446499520884738','f3deb','2020-04-22 14:03:17'),
('1252840376909230082','1252840376871481346','1228126810823020545',NULL,1,0,'1227446499520884738','f3deb','2020-04-22 14:03:17'),
('1253505381044396033','1253505380973092866','1253504815840960513',NULL,1,0,'1253495517144494082','f3deb','2020-04-24 10:05:47'),
('1253505381077950466','1253505380973092866','1253504947873456129',NULL,1,0,'1253495517144494082','f3deb','2020-04-24 10:05:47'),
('1255514712447135745','1255514712367443970','1255514586265694210',NULL,1,0,'1255513650571018241','naw94n44','2020-04-29 23:10:08'),
('1282579247834140673','1282579247788003329','2523424242',NULL,1,0,'1205130634395324417','f3deb','2020-07-13 15:34:57'),
('1290552594857517057','1275602938381848577','1263021961381953538',NULL,1,0,'1205130634395324417','f3deb','2020-08-04 15:38:11'),
('1290552594882682881','1275602938381848577','1270345413239521282',NULL,1,0,'1205130634395324417','f3deb','2020-08-04 15:38:11'),
('1292753688706736130','1292736238544019458','1270345258608115714',NULL,1,0,'1205130634395324417','f3deb','2020-08-10 17:24:32'),
('1292753688710930434','1292736238544019458','1270345413239521282',NULL,1,0,'1205130634395324417','f3deb','2020-08-10 17:24:32'),
('1292753688710930435','1292736238544019458','1253216741579898882',NULL,1,0,'1205130634395324417','f3deb','2020-08-10 17:24:32'),
('1314449708733710337','1314449708700155906','1313833000134262785',NULL,1,0,'1291570821364498434','f3deb','2020-10-09 14:16:47'),
('1314449708754681857','1314449708700155906','1292760555617050626',NULL,1,0,'1291570821364498434','f3deb','2020-10-09 14:16:47'),
('1315087993164283905','1315087993134923778','1292760555617050626',NULL,1,0,'1291570821364498434','f3deb','2020-10-11 08:33:05'),
('1328894399910883329','1328894399877328898','1282353140920799234',NULL,1,0,'1282344676983062530','f3deb','2020-11-18 10:54:49'),
('1328894399936049154','1328894399877328898','1282353845303824385',NULL,1,0,'1282344676983062530','f3deb','2020-11-18 10:54:49'),
('1329392106391842817','1308956344701698050','1282353140920799234',NULL,1,0,'1282344676983062530','f3deb','2020-11-19 19:52:32'),
('1329392106421202946','1308956344701698050','1282353845303824385',NULL,1,0,'1282344676983062530','f3deb','2020-11-19 19:52:32'),
('23454534','5638903','897897897','麻婆豆腐',1,0,'1205130634395324417','f3deb','2020-04-10 14:44:15'),
('324234234','5638903','879989241','辣子鸡丁',1,0,'1205130634395324417','f3deb','2020-04-10 14:43:26'),
('3248902834092','453453','897897897','麻婆豆腐',1,0,'1205130634395324417','f3deb','2020-04-17 13:54:44'),
('32489028340922','453453','879989241','辣子鸡丁',1,0,'1205130634395324417','f3deb','2020-04-17 13:54:44'),
('42489028534092','453453','89032224','水煮肉片',1,0,'1205130634395324417','f3deb','2020-04-17 13:54:44'),
('459038509385903485','6352890890','252342','鱼香肉丝',1,0,'1205130634395324417','f3deb','2020-02-28 00:33:42'),
('890809809890890','6352890890','2523424242','京酱肉丝',1,0,'1205130634395324417','f3deb','2020-02-28 00:33:42');

/*Table structure for table `t_staff` */

DROP TABLE IF EXISTS `t_staff`;

CREATE TABLE `t_staff` (
  `staff_id` varchar(32) CHARACTER SET utf8 COLLATE utf8_bin NOT NULL COMMENT '员工id',
  `staff_name` varchar(32) CHARACTER SET utf8 COLLATE utf8_bin NOT NULL COMMENT '员工姓名',
  `password` varchar(64) CHARACTER SET utf8 COLLATE utf8_bin NOT NULL COMMENT '瀵嗙爜',
  `phone` varchar(11) CHARACTER SET utf8 COLLATE utf8_bin NOT NULL COMMENT '手机号',
  `sex` varchar(2) CHARACTER SET utf8 COLLATE utf8_bin NOT NULL COMMENT '性别',
  `id_number` varchar(18) CHARACTER SET utf8 COLLATE utf8_bin NOT NULL COMMENT '身份证号',
  `store_id` varchar(32) CHARACTER SET utf8 COLLATE utf8_bin NOT NULL COMMENT '门店id',
  `shop_id` varchar(32) CHARACTER SET utf8 COLLATE utf8_bin NOT NULL COMMENT '商户号',
  `last_update_time` datetime NOT NULL COMMENT '最后更新时间',
  `status` int(11) DEFAULT '0' COMMENT '状态 0:正常,1-禁用',
  `is_deleted` int(11) NOT NULL DEFAULT '0' COMMENT '鏄惁鍒犻櫎',
  PRIMARY KEY (`staff_id`) USING BTREE
) ENGINE=InnoDB DEFAULT CHARSET=utf8 COLLATE=utf8_bin ROW_FORMAT=DYNAMIC COMMENT='员工信息';

/*Data for the table `t_staff` */

insert  into `t_staff`(`staff_id`,`staff_name`,`password`,`phone`,`sex`,`id_number`,`store_id`,`shop_id`,`last_update_time`,`status`,`is_deleted`) values 
('0d2432d119c716c76ea2037fb85a990e','18810701234','$1$YqYimJCI$xn4IpgSjA5I3W5Xg.3Dnl/','18810701234','男','123456789012345678','1205130634395324417','f3deb','2020-10-07 14:33:13',1,0),
('0d6c0fafbf0279bd4582191d947eb309','5555','555','5555','男','5555','1227446499520884738','f3deb','2020-04-22 18:14:38',1,0),
('0e99803b5a171391dbadd1cc0f334259','服务员','$1$3wM6oRkq$sogsqsp8mwvwA6ntDKinh1','18800000000','男','142223199902081234','1282344676983062530','f3deb','2020-09-23 14:56:24',1,0),
('12e7315d195c39ccd931d42a6a71e2d2','王胜利','$1$/iUVlggx$EdhY3bRAPspguoXYJ1C661','18810703323','男','231005198805145525','1205130634395324417','f3deb','2020-10-07 13:44:59',1,0),
('1453f96835e974b1c9701e044b9cc152','marry','$1$v98Iiaw1$ydlpJTMjDl.Iv//pxxEtZ1','18500000001','男','425333199908031234','1282344676983062530','f3deb','2020-11-18 10:24:03',1,0),
('14b9ff5d61ddf7ebd43e9a41945ab2d6','54545454','777','7676','男','454545','1227446499520884738','f3deb','2020-03-19 11:50:41',1,0),
('182a9eab9d7604f58c60bb38f3b8d939','毕鹏','$1$KLcylXKU$qB34SIap98Ha8Tmna0FP/0','13301131116','男','13063519900417081X','1255496202459381762','pifh8xt1','2020-04-29 22:06:20',1,0),
('28ef71f086f7c8779ca0a129221d0eb4','youyou1','$1$JpfJp/3Y$r/87Z3CnqyXQJnyPa2XxZ0','13333333333','女','420923111111111112','1205130634395324417','f3deb','2020-06-17 10:59:01',1,1),
('3b87132c8e24063314f7ec7acfb3d2eb','121','123','1212','女','12122','1227446499520884738','f3deb','2020-03-04 15:16:36',1,0),
('425e85e184f47914f0089277814e8c83','成大器','$1$jNkRnEXD$jjEl1x54yjMPEQ2KD1fmn1','18810703324','女','420624198312250092','1282344676983062530','f3deb','2021-07-26 15:45:19',0,0),
('42eaa6d87ee1144079fd9b47d29785b6','zhangsan','$1$/PeH7Q1T$OMGiYzVNEiEX2mJROE5WF.','18810703325','男','420624198312250091','1255513650571018241','naw94n44','2020-04-29 23:30:31',1,0),
('52cf7741b90c1c0da2c0a7263f0f9f38','33','$1$Y/sqHOo/$GJemttthbNcTuqEqDw/bQ1','13212341234','男','111111111111111111','1205130634395324417','f3deb','2020-08-10 16:58:05',0,0),
('532fe4369997a8c147634955796719c8','zhangsan','$1$3kxAwUhk$qDHOVJ8HR/cWpNXOPcfkk.','18810703325','男','420624198312250091','1255513650571018241','naw94n44','2020-04-29 23:47:03',1,0),
('577268ddeec41dba2d1fd5df57387055','毕鹏','$1$KLcylXKU$qB34SIap98Ha8Tmna0FP/0','13301131116','男','13063519900417081X','1255432153239482370','m1fhdqqt','2020-04-29 17:51:45',1,0),
('5d2cf633f444990a8650b01d357c4cb4','播仔','$1$vSZNZL2z$zAY8tyVtq/VQXyGqwf.O6/','17301290116','男','13063519900417081X','1282344676983062530','f3deb','2020-08-19 17:29:12',1,0),
('5eb3fa36910bae353fb34a66900fe03a','youyou','$1$IwjklkPa$OU1ihKO2c.wrRw/ErYLPE.','13333333333','男','420923111111111111','1205130634395324417','f3deb','2020-06-17 10:54:52',1,1),
('61e341a163e402f50725ab2a97cd4f57','张三','$1$zkn92TTG$U3tbPiGJkOwuF0j2dKhSw.','13261698937','男','14222319990809123X','1205130634395324417','f3deb','2020-08-10 16:57:43',1,0),
('6d48062cc3dd3c59aaeb71c4813677a3','员工二号','123123','15116923232','男','123108198905072334','1227446499520884738','f3deb','2020-04-22 14:34:12',1,0),
('72c00e7feacdb31a44e64433cfc567ff','fasf','sf','afaf','男','fsff','null','f3deb','2020-02-12 11:20:27',1,0),
('75d5049d3c42ed01b6e27d6a4d3e1268','zhangsan','$1$qhampkkh$oICts9llzQhl7LJycW7wh0','18810703325','男','420624198312250091','1255513650571018241','naw94n44','2020-04-29 23:39:59',1,0),
('7aef9d0a22522d34f9c1802b91cf4fbf','收银播仔','$1$kjylSMom$cSxZHcX8dl/lXG54Mfvn51','13333333333','男','13063519900417081X','1282344676983062530','f3deb','2020-08-19 17:28:21',0,0),
('8e441840fc45b2c8f89a493e4e6769c7','3333334444','$1$aXGMaPBZ$iEBjoLDz4SDR00qT1kuq5/','111111','男','121212','1291570821364498434','f3deb','2020-09-30 15:21:41',1,0),
('90692701bf8079edf0f8f51a2681bb22','1212','$1$goTM7gXA$59bcUR.sQ.8mkqrDWfILu.','18133626043','男','34242619930901001X','1291570821364498434','f3deb','2020-09-29 15:24:10',0,0),
('9b20eafb05573151f5166b2e535411c1','李四','$1$B3o63mIr$8.5D36MzTdGGQGPO39GIx.','13261698937','女','14222319990809124X','1205130634395324417','f3deb','2020-08-10 16:57:22',1,0),
('9b8b4c50ac0d36b6368ac83112a64a2f','王嘻嘻','$1$GlxxV9VA$7pT5wdy9lhrLoO7uE4HFq.','18766554777','男','234567888900987765','1291570821364498434','f3deb','2020-09-29 15:08:48',0,0),
('a4c8d92c12fd8271070dfb1684f46b94','小西','$1$D46f6xc7$rIlv3ua5GPNRPOgAaPd/B1','18007551615','男','429004199109098092','1205130634395324417','f3deb','2020-05-04 17:40:32',1,0),
('a6f4778c1aaf948d995f4ed95965f04c','张强','123456','123123123','男','123123123123123','1227446499520884738','f3deb','2020-02-12 21:10:40',1,0),
('a91ebc8c98c9a3076554ed4a37c24466','www','$1$R0UWaS0W$4wLiYmaxtBA3qdKWZLL8s0','111','男','11111','1291570821364498434','f3deb','2020-09-29 15:24:23',1,0),
('afb06abd9b9c78ab65aaaede9b0c7e2a','11','$1$ICicwEAz$28jxXTvqxQhp0G3zmPxqw0','18133626045','男','34242619930901001X','1287585303484194818','f3deb','2020-09-28 23:40:55',0,0),
('afc51b1f1a702ef980943368bca4f52b','18810701234','$1$WGcFm/at$FIPXTt2yEFzoGleADryHw0','15709871675','女','123456789012345678','1291570821364498434','f3deb','2020-10-09 11:45:08',1,0),
('bde0dd09cdcdd3bef8f6a6dad5e1318a','1212','$1$TKqBr/MI$AKb4fpZGMXobJy6NGn9CL1','1212','女','121211212','1291570821364498434','f3deb','2020-09-29 15:24:06',1,0),
('c034e0ec66320d1c69c3397df88eac2c','员工一号','234234','15123423242','男','152627199006073224','1227446499520884738','f3deb','2020-04-22 14:33:23',1,0),
('c3efee83f386a842d74793b28c4b19c9','wux ','$1$7/fyV/1q$hShrsmeqGBK2ZJJaN0u4C.','17704251067','男','123556287706252267','1205130634395324417','f3deb','2020-05-04 17:43:24',1,0),
('ca3d2534bc70c033ce39e789e2fd22b9','54545454','777','7676','男','454545','1227446499520884738','f3deb','2020-03-19 11:52:27',1,0),
('cbfcd00b60dfb08da5ebda3ff595e944','zhangsan','$1$3asLmcD7$uy3DunmpBaNXuEVLKCulR.','18810703325','男','420624198312250091','1255513650571018241','naw94n44','2020-04-29 23:40:58',1,0),
('d5f14f61a020c22a51f57d619327c748','youyou4','$1$2tK27QiL$MUtTa.heG/BPUng1GR0q8.','13333333333','男','420923111111111111','1205130634395324417','f3deb','2020-06-17 16:25:12',1,1),
('daa36918c73aab835202f25df59e6485','admin','$1$L84oR9ho$RB48PCOVXG7KV5FICMrnT1','13779867892','男','123456789012345678','1291570821364498434','f3deb','2020-10-10 10:33:13',1,0),
('dc83878b279cdf337f0830424b1f175e','f\'sa\'f','fsaffaf','fafafff','男','faf','null','f3deb','2020-02-12 10:19:52',1,0),
('dfcff25f66e0dc77d98542582cdcf2b3','李伟','1212','2121','男','1212','1227446499520884738','f3deb','2020-02-12 21:12:28',1,0),
('e0959ff35ea32aca5dd53f962d6187a3','1','$1$UuDd4DgU$pA3qjRfW1AXqNXw/MauX01','13261698939','男','142223199902023333','1205130634395324417','f3deb','2020-07-30 15:14:47',1,0),
('ea7b08b8fd69e2c5101cd6a2ec417dd9','郝燕','$1$DlWX0c7I$U2GjN9ugorEGTiUrr6vv1.','13261698937','女','142223199908161234','1205130634395324417','f3deb','2020-07-30 11:19:22',1,0),
('ec9f58ce36e3b81c776da8434184e17a','444444','4444','4444','男','44444','1227446499520884738','f3deb','2020-03-19 11:52:42',1,0),
('f4e0f8f91787e766eddc85c34e99263c','zhangsan','$1$6ycbppV0$t.94pQXxfAcRvZB.hE74q.','18810703325','男','420624198312250091','1255513650571018241','naw94n44','2020-04-29 23:43:45',0,0),
('f75d574986d1469de34cc2bef46b9d20','zhangsan','$1$GFqYCYi.$sOz3AxWWFlgw5G.zcS/il0','13412341234','男','111111111111111111','1205130634395324417','f3deb','2020-07-20 14:23:22',1,0),
('fe33b53715aee366db00902f012d505a','test1','$1$EUTb752C$b8GihIsy9qGn3jWll5e7l/','13800000000','男','142223199902021234','1205130634395324417','f3deb','2020-07-30 16:52:18',1,0);

/*Table structure for table `t_staff_rank` */

DROP TABLE IF EXISTS `t_staff_rank`;

CREATE TABLE `t_staff_rank` (
  `rank_id` varchar(32) CHARACTER SET utf8 COLLATE utf8_bin NOT NULL COMMENT '岗位id',
  `rank_name` varchar(32) CHARACTER SET utf8 COLLATE utf8_bin NOT NULL COMMENT '职级名称',
  `discount_limit` double DEFAULT NULL COMMENT '折扣上线',
  `reduce_limit` double DEFAULT NULL COMMENT '减免金额上线',
  `store_id` varchar(32) CHARACTER SET utf8 COLLATE utf8_bin NOT NULL COMMENT '门店id',
  PRIMARY KEY (`rank_id`) USING BTREE
) ENGINE=InnoDB DEFAULT CHARSET=utf8 COLLATE=utf8_bin ROW_FORMAT=DYNAMIC COMMENT='员工职级';

/*Data for the table `t_staff_rank` */

insert  into `t_staff_rank`(`rank_id`,`rank_name`,`discount_limit`,`reduce_limit`,`store_id`) values 
('1192652960431333378','string',0,0,'test');

/*Table structure for table `t_table` */

DROP TABLE IF EXISTS `t_table`;

CREATE TABLE `t_table` (
  `table_id` varchar(32) CHARACTER SET utf8 COLLATE utf8_bin NOT NULL COMMENT '桌台id',
  `area_id` varchar(32) CHARACTER SET utf8 COLLATE utf8_bin NOT NULL COMMENT '区域id',
  `table_name` varchar(64) CHARACTER SET utf8 COLLATE utf8_bin NOT NULL COMMENT '桌台名称',
  `table_seat_number` int(11) NOT NULL COMMENT '桌台座位数目',
  `status` int(11) NOT NULL DEFAULT '0' COMMENT ' 0空闲 1 开桌 2 锁桌',
  `t_order` int(11) NOT NULL DEFAULT '0' COMMENT '排序',
  `last_update_time` datetime NOT NULL COMMENT '最后更新时间',
  `store_id` varchar(32) CHARACTER SET utf8 COLLATE utf8_bin NOT NULL COMMENT '所属门店',
  `shop_id` varchar(32) CHARACTER SET utf8 COLLATE utf8_bin NOT NULL COMMENT '所属商户',
  `is_deleted` int(11) NOT NULL DEFAULT '0' COMMENT '是否删除',
  PRIMARY KEY (`table_id`) USING BTREE
) ENGINE=InnoDB DEFAULT CHARSET=utf8 COLLATE=utf8_bin ROW_FORMAT=DYNAMIC COMMENT='桌台';

/*Data for the table `t_table` */

insert  into `t_table`(`table_id`,`area_id`,`table_name`,`table_seat_number`,`status`,`t_order`,`last_update_time`,`store_id`,`shop_id`,`is_deleted`) values 
('1227868395689308161','1227864603963006978','1212',4,0,0,'2020-07-30 08:03:04','1205130634395324417','f3deb',1),
('1227868484038127617','1227857559390285825','a111',4,0,0,'2020-04-16 17:36:01','1227446499520884738','f3deb',0),
('1227868661553655809','1227857559390285825','122',4,0,0,'2020-02-20 23:01:57','1205130634395324417','f3deb',1),
('1227880802461511682','1227864443593793537','a001',4,0,0,'2020-04-16 16:07:33','1227446499520884738','f3deb',0),
('1227880866080714753','1227859558009696257','b222',4,0,0,'2020-04-23 14:35:45','1227446499520884738','f3deb',0),
('1227880950029709313','1227859558009696257','d223',4,0,0,'2020-02-13 17:03:26','1227446499520884738','f3deb',1),
('1228982886414016513','1227864603963006978','A001',4,0,0,'2020-04-23 14:35:32','1227446499520884738','f3deb',0),
('1245177001991507969','1227864603963006978','111',11,0,0,'2020-04-16 17:36:11','1227446499520884738','f3deb',0),
('1245177001991507970','1227864603963006978','111',11,0,0,'2020-04-23 11:31:17','1227446499520884738','f3deb',0),
('1245177002012479490','1227864603963006978','111',11,0,0,'2020-04-16 17:42:14','1227446499520884738','f3deb',0),
('1245177002012479491','1227864603963006978','1112',11,0,0,'2020-04-23 15:01:05','1227446499520884738','f3deb',0),
('1245177002218000385','1227864603963006978','1112',11,0,0,'2020-04-16 17:42:11','1227446499520884738','f3deb',0),
('1245177050502828033','1227864603963006978','332424',3,0,0,'2020-04-22 16:53:17','1227446499520884738','f3deb',0),
('1245177073386950658','1227864603963006978','3333',33,0,0,'2020-04-01 10:32:03','1227446499520884738','f3deb',1),
('1245177094652071938','1227864603963006978','33333',33333,0,0,'2020-04-01 10:32:08','1227446499520884738','f3deb',1),
('1245178379518382081','1227864443593793537','3',3,0,0,'2020-04-17 21:22:38','1227446499520884738','f3deb',0),
('1245178464348180481','1227864443593793537','11',11,0,0,'2020-04-23 18:22:06','1227446499520884738','f3deb',0),
('1251049795149172738','1227864443593793537','小程序的桌台',4,0,0,'2020-04-23 15:00:25','1227446499520884738','f3deb',0),
('1251052030084059138','1227864443593793537','大厅一号桌',6,0,0,'2020-04-17 15:37:02','1227446499520884738','f3deb',1),
('1253505676692496386','1253505612876161026','A001号桌',4,0,0,'2020-04-24 10:12:06','1253495517144494082','f3deb',0),
('1254595367076417538','1254595320985210881','A04',5,0,0,'2020-09-28 23:15:51','1205130634395324417','f3deb',0),
('1254595392137383937','1254595320985210881','A03',4,0,0,'2020-10-08 11:45:13','1205130634395324417','f3deb',0),
('1254595415495462913','1254595320985210881','A02',6,0,0,'2020-11-18 13:03:05','1205130634395324417','f3deb',0),
('1255028919563776001','1254595320985210881','A01',4,0,0,'2020-11-18 18:03:09','1205130634395324417','f3deb',0),
('1255507087890395137','1255506967383846913','A001',4,0,0,'2020-11-18 23:03:03','1255496202459381762','pifh8xt1',0),
('1255507122682146817','1255506967383846913','A002',4,0,0,'2020-11-18 21:03:03','1255496202459381762','pifh8xt1',0),
('1255507159910789121','1255506967383846913','A003',4,0,0,'2020-11-19 00:03:03','1255496202459381762','pifh8xt1',0),
('1255507213224587266','1255506990410575874','B001',10,0,0,'2020-11-18 15:03:03','1255496202459381762','pifh8xt1',0),
('1255507250637778945','1255506990410575874','B002',10,0,0,'2020-11-18 18:03:03','1255496202459381762','pifh8xt1',0),
('1261192380777775105','1261192304470802433','长江',10,0,0,'2020-11-18 21:03:04','1205130634395324417','f3deb',0),
('1261192425824600066','1261192304470802433','黄河',12,0,0,'2020-10-08 11:27:21','1205130634395324417','f3deb',0),
('1261192482024079361','1261192304470802433','汉江',10,0,0,'2020-11-18 16:03:03','1205130634395324417','f3deb',0),
('1261192551276232705','1261192304470802433','牡丹江',10,0,0,'2020-05-15 15:11:51','1205130634395324417','f3deb',1),
('1261192587900895234','1261192304470802433','黑龙江',10,0,0,'2020-11-18 13:03:03','1205130634395324417','f3deb',0),
('1261193048334811137','1261192304470802433','松花江',10,0,0,'2020-11-18 13:03:04','1205130634395324417','f3deb',0),
('1261193137417633794','1261192304470802433','珠江',10,0,0,'2020-11-18 14:03:04','1205130634395324417','f3deb',0),
('1261193277037625345','1261192304470802433','黄浦江',12,0,0,'2020-11-18 16:03:04','1205130634395324417','f3deb',0),
('1261193335200038913','1261192304470802433','淮河',10,0,0,'2020-11-18 14:03:04','1205130634395324417','f3deb',0),
('1261193630856527874','1254595320985210881','A05',4,0,0,'2020-11-18 19:03:07','1205130634395324417','f3deb',0),
('1261193749974761474','1254595320985210881','A06',2,0,0,'2020-11-18 19:03:06','1205130634395324417','f3deb',0),
('1261193883370405890','1254595320985210881','A07',4,0,0,'2020-11-18 11:03:03','1205130634395324417','f3deb',0),
('1261193937950883841','1254595320985210881','A08',4,0,0,'2020-11-18 18:03:08','1205130634395324417','f3deb',0),
('1261193972591640578','1254595320985210881','A09',2,0,0,'2020-11-18 17:03:04','1205130634395324417','f3deb',0),
('1261194011615444994','1254595320985210881','A10',2,0,0,'2020-11-18 17:03:05','1205130634395324417','f3deb',0),
('1261194191488172034','1261192304470802433','漓江',10,0,0,'2020-11-18 18:03:07','1205130634395324417','f3deb',0),
('1261194680439160833','1261192304470802433','泸沽湖',12,0,0,'2020-11-18 13:03:05','1205130634395324417','f3deb',0),
('1261194745413124098','1261192304470802433','汤逊湖',12,0,0,'2020-11-18 17:03:03','1205130634395324417','f3deb',0),
('1261194789566562306','1261192304470802433','东湖',10,0,0,'2020-11-18 14:03:05','1205130634395324417','f3deb',0),
('1261194843257847810','1261192304470802433','西湖',10,0,0,'2020-11-18 20:03:03','1205130634395324417','f3deb',0),
('1262286486417457154','','ww',11111,0,0,'2020-06-24 11:42:56','1205130634395324417','f3deb',1),
('1275637344463065090','string','string',0,0,0,'2020-06-24 15:59:06','1205130634395324417','f3deb',1),
('1275638545510404097','1261192304470802433','湖北桌',2,0,0,'2020-06-24 15:28:01','1205130634395324417','f3deb',1),
('1275640909713739777','1261192304470802433','黄河厅',6,0,0,'2020-11-18 19:03:04','1205130634395324417','f3deb',0),
('1276314748386906114','1261192304470802433','黑马厅2',8,0,0,'2020-11-18 18:03:04','1205130634395324417','f3deb',0),
('1276324979053531138','1254595320985210881','荷花厅',12,0,0,'2020-06-26 09:22:56','1205130634395324417','f3deb',1),
('1276328475807027202','1261192304470802433','荷花厅3',18,0,0,'2020-11-18 17:03:06','1205130634395324417','f3deb',0),
('1276329548546412546','1261192304470802433','梅花厅',8,0,0,'2020-11-18 20:03:05','1205130634395324417','f3deb',0),
('1276362000274919425','1276359940020211713','ceo',5,0,0,'2020-11-18 13:03:03','1205130634395324417','f3deb',0),
('1277206925459689473','1276347518836379650','领导',10,0,0,'2020-06-28 19:47:15','1205130634395324417','f3deb',1),
('1282346960773238786','1282346736256339969','A1',2,0,0,'2021-07-26 14:03:09','1282344676983062530','f3deb',0),
('1282346999386001409','1282346736256339969','A2',2,0,0,'2021-07-26 12:03:11','1282344676983062530','f3deb',0),
('1282347029824065538','1282346736256339969','A3',2,0,0,'2021-07-26 14:03:10','1282344676983062530','f3deb',0),
('1282347067983843330','1282346736256339969','A4',2,0,0,'2021-07-26 14:03:04','1282344676983062530','f3deb',0),
('1282347138951467009','1282346736256339969','A5',2,0,0,'2021-07-26 12:03:08','1282344676983062530','f3deb',0),
('1282347172669476866','1282346736256339969','A6',2,0,0,'2021-07-26 12:03:05','1282344676983062530','f3deb',0),
('1282347225144414209','1282346758058332162','B1',2,0,0,'2021-07-26 14:03:12','1282344676983062530','f3deb',0),
('1282347253200113665','1282346758058332162','B2',2,0,0,'2021-07-26 15:03:05','1282344676983062530','f3deb',0),
('1282347290504253442','1282346758058332162','B3',2,0,0,'2021-07-26 15:03:04','1282344676983062530','f3deb',0),
('1282347325333753857','1282346758058332162','B4',2,0,0,'2021-07-26 14:03:11','1282344676983062530','f3deb',0),
('1282347356904280066','1282346758058332162','B5',2,0,0,'2021-07-26 15:03:03','1282344676983062530','f3deb',0),
('1282347430531092481','1282346758058332162','B6',2,0,0,'2021-07-26 14:03:09','1282344676983062530','f3deb',0),
('1282347700073844737','1282346774667776002','C1',2,0,0,'2021-07-26 11:03:08','1282344676983062530','f3deb',0),
('1282347734047707138','1282346774667776002','C2',2,0,0,'2021-07-26 12:03:04','1282344676983062530','f3deb',0),
('1282579399277875202','1276347518836379650','3333',33,0,0,'2020-11-18 14:03:06','1205130634395324417','f3deb',0),
('1282579585404309506','1282579557109534721','3232',32,0,0,'2020-07-13 15:36:17','1205130634395324417','f3deb',1),
('1282873427361906690','1282346774667776002','C3',2,0,0,'2021-07-26 12:03:07','1282344676983062530','f3deb',0),
('1282873454138343426','1282346774667776002','C4',2,0,0,'2021-07-26 14:03:05','1282344676983062530','f3deb',0),
('1282873480025587713','1282346774667776002','C5',2,0,0,'2021-07-26 14:03:08','1282344676983062530','f3deb',0),
('1282873506835578882','1282346774667776002','C6',2,0,0,'2021-07-26 11:03:04','1282344676983062530','f3deb',0),
('1282873531435171841','1282346791981862914','D1',2,0,0,'2021-07-26 13:03:03','1282344676983062530','f3deb',0),
('1282873731197288450','1282346791981862914','D2',2,0,0,'2021-07-26 15:03:04','1282344676983062530','f3deb',0),
('1282873794304786433','1282346791981862914','D3',2,0,0,'2021-07-26 14:03:04','1282344676983062530','f3deb',0),
('1282873838932180994','1282346791981862914','D4',2,0,0,'2021-07-26 11:03:04','1282344676983062530','f3deb',0),
('1282873872738271234','1282346791981862914','D5',2,0,0,'2021-07-26 11:03:07','1282344676983062530','f3deb',0),
('1282873906179457025','1282346791981862914','D6',2,0,0,'2021-07-26 03:03:13','1282344676983062530','f3deb',0),
('1282873974563389441','1282346852451143681','VIP1',10,0,0,'2021-07-26 12:03:09','1282344676983062530','f3deb',0),
('1282874018716827649','1282346852451143681','VIP2',10,0,0,'2021-07-26 08:03:07','1282344676983062530','f3deb',0),
('1282874061549060097','1282346852451143681','VIP3',10,0,0,'2021-07-26 12:03:06','1282344676983062530','f3deb',0),
('1282874109817110530','1282346852451143681','VIP4',10,0,0,'2021-07-26 12:03:07','1282344676983062530','f3deb',0),
('1282874265601949698','1282495713844973569','小包VIP1',5,0,0,'2021-07-26 14:03:10','1282344676983062530','f3deb',0),
('1282874311764459522','1282495713844973569','小包VIP2',5,0,0,'2021-07-26 11:03:08','1282344676983062530','f3deb',0),
('1282874348699500546','1282495713844973569','小包VIP3',5,0,0,'2021-07-26 11:03:05','1282344676983062530','f3deb',0),
('1282874417322508290','1282495713844973569','小包VIP4',5,0,0,'2020-11-26 18:03:04','1282344676983062530','f3deb',0),
('1288661935963840513','1276347518836379650','A21212',2,0,0,'2020-11-18 21:03:06','1205130634395324417','f3deb',0),
('1288682080249651202','1254595320985210881','桌台1',10,0,0,'2020-07-30 11:45:56','1205130634395324417','f3deb',1),
('1288735708272480258','1276359940020211713','1',88,0,0,'2020-07-30 15:19:22','1205130634395324417','f3deb',1),
('1292753891711049729','1261192304470802433','山高',12,0,0,'2020-08-10 17:26:27','1205130634395324417','f3deb',1),
('1298872227192659970','1292995416810381313','1桌',62,0,0,'2020-11-14 22:15:37','1291570821364498434','f3deb',0),
('1308660311388078081','1282346852451143681','青花瓷',50,0,0,'2020-09-23 14:51:47','1282344676983062530','f3deb',1),
('1310598760877801473','1276359940020211713','123',11,0,0,'2020-11-18 19:03:08','1205130634395324417','f3deb',0),
('1311864702135975937','1292995416810381313','1',1,0,0,'2020-11-02 11:03:10','1291570821364498434','f3deb',0),
('1311877018286047233','1311876964410212353','3',20,0,0,'2020-11-02 11:17:40','1291570821364498434','f3deb',0),
('1314041787453554690','1','string',3,0,0,'2020-11-02 11:03:52','1291570821364498434','f3deb',0),
('1314769702638075906','1314043553653997570','2',3,0,0,'2020-10-10 11:28:19','1291570821364498434','f3deb',0),
('1316754131552059393','1314769863418331137','23',23,0,0,'2020-10-15 22:53:44','1291570821364498434','f3deb',0),
('1328894622947192833','1282346736256339969','111',12,0,0,'2020-11-18 10:55:42','1282344676983062530','f3deb',1);

/*Table structure for table `t_table_area` */

DROP TABLE IF EXISTS `t_table_area`;

CREATE TABLE `t_table_area` (
  `area_id` varchar(32) CHARACTER SET utf8 COLLATE utf8_bin NOT NULL COMMENT '桌台区域id',
  `area_name` varchar(64) CHARACTER SET utf8 COLLATE utf8_bin NOT NULL COMMENT '区域名称',
  `t_order` int(11) DEFAULT NULL COMMENT '排序',
  `store_id` varchar(32) CHARACTER SET utf8 COLLATE utf8_bin NOT NULL COMMENT '所属门店',
  `shop_id` varchar(32) CHARACTER SET utf8 COLLATE utf8_bin NOT NULL COMMENT '所属商户',
  `last_update_time` timestamp NULL DEFAULT NULL COMMENT '最后更新时间',
  `is_deleted` int(11) NOT NULL DEFAULT '0' COMMENT '是否删除',
  PRIMARY KEY (`area_id`) USING BTREE
) ENGINE=InnoDB DEFAULT CHARSET=utf8 COLLATE=utf8_bin ROW_FORMAT=DYNAMIC COMMENT='桌台区域';

/*Data for the table `t_table_area` */

insert  into `t_table_area`(`area_id`,`area_name`,`t_order`,`store_id`,`shop_id`,`last_update_time`,`is_deleted`) values 
('1209667130120986625','大厅',0,'test','test','2019-12-25 02:48:13',0),
('1209747017288601602','大厅',0,'test','test','2019-12-25 08:05:40',0),
('1209749123902951426','大厅',0,'test','test','2019-12-25 08:14:02',0),
('1209750737514639362','大厅',0,'test','test','2019-12-25 08:20:27',0),
('1217700743441747970','test',0,'1205130634395324417','test','2020-01-16 06:50:56',0),
('1227857529048690690','昌平一号',0,'null','f3deb','2020-02-13 15:30:22',0),
('1227857559390285825','大兴一号1',0,'null','f3deb','2020-02-13 15:43:17',0),
('1227859558009696257','大兴二号',0,'null','f3deb','2020-02-13 15:38:26',0),
('1227864367702056961','asd',0,'1227446499520884738','f3deb','2020-02-13 15:57:33',1),
('1227864443593793537','大厅',0,'1227446499520884738','f3deb','2020-02-13 15:57:51',0),
('1227864603963006978','包间',0,'1227446499520884738','f3deb','2020-02-13 16:01:23',0),
('1228157428499791873','test',0,'1227446499520884738','f3deb','2020-02-14 11:22:04',1),
('1228982796198731778','1号大厅',0,'1227446499520884738','f3deb','2020-02-16 18:01:47',1),
('1245198197919375361','55',0,'1227446499520884738','f3deb','2020-04-01 11:58:10',1),
('1245198278806528002','大堂4',0,'1227446499520884738','f3deb','2020-04-01 11:58:13',0),
('1252159099608571905','雅间',0,'1227446499520884738','f3deb','2020-04-22 09:23:29',0),
('1253505612876161026','大厅',0,'1253495517144494082','f3deb','2020-04-24 10:06:42',0),
('1254595320985210881','大堂',0,'1205130634395324417','f3deb','2020-06-26 10:33:02',0),
('1255434371099361282','大堂',0,'1255432153239482370','m1fhdqqt','2020-04-29 17:50:54',0),
('1255434426405453826','包间',0,'1255432153239482370','m1fhdqqt','2020-04-29 17:51:07',0),
('1255506967383846913','大厅',0,'1255496202459381762','pifh8xt1','2020-04-29 22:39:22',0),
('1255506990410575874','包间',0,'1255496202459381762','pifh8xt1','2020-04-29 22:39:27',0),
('1261192304470802433','二楼包间',0,'1205130634395324417','f3deb','2020-05-15 15:10:52',0),
('1276347518836379650','贵宾',0,'1205130634395324417','f3deb','2020-06-26 11:44:54',0),
('1276359940020211713','vip',0,'1205130634395324417','f3deb','2020-06-26 11:41:38',0),
('1276361247560929281','1',0,'1205130634395324417','f3deb','2020-06-26 11:46:50',1),
('1282346736256339969','A区',0,'1282344676983062530','f3deb','2020-09-23 14:51:08',0),
('1282346758058332162','B区',0,'1282344676983062530','f3deb','2020-11-19 19:51:53',0),
('1282346774667776002','C区',0,'1282344676983062530','f3deb','2020-07-13 00:11:11',0),
('1282346791981862914','D区',0,'1282344676983062530','f3deb','2020-07-13 00:11:15',0),
('1282346852451143681','大包间',0,'1282344676983062530','f3deb','2020-07-13 00:11:29',0),
('1282346893895061505','小包间',0,'1282344676983062530','f3deb','2020-07-13 00:11:39',1),
('1282495713844973569','小包间',0,'1282344676983062530','f3deb','2020-07-13 10:03:00',0),
('1282579525539008513','23323',0,'1205130634395324417','f3deb','2020-07-13 15:36:03',1),
('1282579557109534721','323232',0,'1205130634395324417','f3deb','2020-07-13 15:36:10',1),
('1288682275544834049','包间11',0,'1205130634395324417','f3deb','2020-07-30 11:46:18',1),
('1288735737825546242','11',0,'1205130634395324417','f3deb','2020-07-30 15:18:38',1),
('1292755335893803010','一楼大堂1',0,'1205130634395324417','f3deb','2020-08-10 17:31:16',1),
('1292995416810381313','一区',0,'1291570821364498434','f3deb','2020-08-11 09:25:05',0),
('1308660187920351233','M区',0,'1282344676983062530','f3deb','2020-09-23 14:51:17',1),
('1311876964410212353','2',0,'1291570821364498434','f3deb','2020-10-05 12:00:39',0),
('1314043553653997570','1',0,'1291570821364498434','f3deb','2020-10-08 11:22:52',0),
('1314218647466557441','三区',0,'1291570821364498434','f3deb','2020-10-08 22:58:37',0),
('1314769863418331137','22',0,'1291570821364498434','f3deb','2020-10-10 11:28:57',0),
('1315875612005515265','123',0,'1205130634395324417','f3deb','2020-10-13 12:42:48',0),
('1328894699308691458','M去1',0,'1282344676983062530','f3deb','2020-11-18 10:56:05',1),
('34234234','test',0,'test','test','2019-12-12 18:18:27',0),
('544352352','tttt',0,'test','test','2019-12-12 18:31:11',0);

/*Table structure for table `t_table_log` */

DROP TABLE IF EXISTS `t_table_log`;

CREATE TABLE `t_table_log` (
  `log_id` varchar(32) CHARACTER SET utf8 COLLATE utf8_bin NOT NULL COMMENT '开桌记录id',
  `shop_id` varchar(32) CHARACTER SET utf8 COLLATE utf8_bin NOT NULL COMMENT '所属商户',
  `store_id` varchar(32) CHARACTER SET utf8 COLLATE utf8_bin NOT NULL COMMENT '所属门店',
  `table_id` varchar(32) CHARACTER SET utf8 COLLATE utf8_bin NOT NULL COMMENT '所属桌台',
  `user_id` varchar(32) CHARACTER SET utf8 COLLATE utf8_bin DEFAULT NULL COMMENT '操作用户',
  `order_id` varchar(32) CHARACTER SET utf8 COLLATE utf8_bin DEFAULT NULL COMMENT '璁㈠崟id',
  `table_status` int(11) NOT NULL COMMENT '濡楀苯褰撮幙宥勭稊鐠佹澘缍?1 瀵偓濡?2 闁夸焦顢?',
  `user_numbers` int(11) NOT NULL COMMENT '鐢ㄩ浜烘暟',
  `last_update_time` datetime NOT NULL COMMENT '最后更新时间',
  `is_deleted` int(11) NOT NULL DEFAULT '0' COMMENT '是否删除',
  `create_time` datetime NOT NULL,
  PRIMARY KEY (`log_id`) USING BTREE
) ENGINE=InnoDB DEFAULT CHARSET=utf8 COLLATE=utf8_bin ROW_FORMAT=DYNAMIC COMMENT='桌台记录';

/*Data for the table `t_table_log` */

insert  into `t_table_log`(`log_id`,`shop_id`,`store_id`,`table_id`,`user_id`,`order_id`,`table_status`,`user_numbers`,`last_update_time`,`is_deleted`,`create_time`) values 
('1419357540910567426','f3deb','1282344676983062530','1282873974563389441',NULL,NULL,1,2,'2021-07-26 02:03:03',0,'2021-07-26 02:03:03'),
('1419357544144375810','f3deb','1282344676983062530','1282874348699500546',NULL,NULL,1,3,'2021-07-26 02:03:04',0,'2021-07-26 02:03:04'),
('1419372645140340738','f3deb','1282344676983062530','1282873531435171841',NULL,NULL,1,2,'2021-07-26 03:03:04',0,'2021-07-26 03:03:04'),
('1419372655357665281','f3deb','1282344676983062530','1282347067983843330',NULL,NULL,1,2,'2021-07-26 03:03:06',0,'2021-07-26 03:03:06'),
('1419372658604056577','f3deb','1282344676983062530','1282874018716827649',NULL,NULL,1,4,'2021-07-26 03:03:07',0,'2021-07-26 03:03:07'),
('1419372664891318273','f3deb','1282344676983062530','1282874348699500546',NULL,NULL,1,1,'2021-07-26 03:03:09',0,'2021-07-26 03:03:09'),
('1419372679554605057','f3deb','1282344676983062530','1282874018716827649',NULL,NULL,1,5,'2021-07-26 03:03:12',0,'2021-07-26 03:03:12'),
('1419372684675850241','f3deb','1282344676983062530','1282874311764459522',NULL,NULL,1,3,'2021-07-26 03:03:13',0,'2021-07-26 03:03:13'),
('1419372687108546561','f3deb','1282344676983062530','1282874348699500546',NULL,NULL,1,3,'2021-07-26 03:03:14',0,'2021-07-26 03:03:14'),
('1419387752364843009','f3deb','1282344676983062530','1282347734047707138',NULL,NULL,1,2,'2021-07-26 04:03:06',0,'2021-07-26 04:03:06'),
('1419387754839482369','f3deb','1282344676983062530','1282347172669476866',NULL,NULL,1,1,'2021-07-26 04:03:06',0,'2021-07-26 04:03:06'),
('1419402845966245889','f3deb','1282344676983062530','1282347700073844737',NULL,NULL,1,2,'2021-07-26 05:03:04',0,'2021-07-26 05:03:04'),
('1419402848617046018','f3deb','1282344676983062530','1282347253200113665',NULL,NULL,1,1,'2021-07-26 05:03:05',0,'2021-07-26 05:03:05'),
('1419402851272040449','f3deb','1282344676983062530','1282873454138343426',NULL,NULL,1,2,'2021-07-26 05:03:06',0,'2021-07-26 05:03:06'),
('1419417939869638657','f3deb','1282344676983062530','1282874109817110530',NULL,NULL,1,3,'2021-07-26 06:03:03',0,'2021-07-26 06:03:03'),
('1419417943384465410','f3deb','1282344676983062530','1282873872738271234',NULL,NULL,1,1,'2021-07-26 06:03:04',0,'2021-07-26 06:03:04'),
('1419417953329160194','f3deb','1282344676983062530','1282874311764459522',NULL,NULL,1,1,'2021-07-26 06:03:06',0,'2021-07-26 06:03:06'),
('1419417958077112321','f3deb','1282344676983062530','1282346999386001409',NULL,NULL,1,1,'2021-07-26 06:03:07',0,'2021-07-26 06:03:07'),
('1419417963194163202','f3deb','1282344676983062530','1282873731197288450',NULL,NULL,1,2,'2021-07-26 06:03:09',0,'2021-07-26 06:03:09'),
('1419417965526196225','f3deb','1282344676983062530','1282347325333753857',NULL,NULL,1,1,'2021-07-26 06:03:09',0,'2021-07-26 06:03:09'),
('1419417968172802049','f3deb','1282344676983062530','1282346960773238786',NULL,NULL,1,1,'2021-07-26 06:03:10',0,'2021-07-26 06:03:10'),
('1419417970395783169','f3deb','1282344676983062530','1282347253200113665',NULL,NULL,1,2,'2021-07-26 06:03:10',0,'2021-07-26 06:03:10'),
('1419433039540199426','f3deb','1282344676983062530','1282873974563389441',NULL,NULL,1,1,'2021-07-26 07:03:03',0,'2021-07-26 07:03:03'),
('1419433042832728065','f3deb','1282344676983062530','1282874018716827649',NULL,NULL,1,1,'2021-07-26 07:03:04',0,'2021-07-26 07:03:04'),
('1419433047798784001','f3deb','1282344676983062530','1282874348699500546',NULL,NULL,1,3,'2021-07-26 07:03:05',0,'2021-07-26 07:03:05'),
('1419433055138816002','f3deb','1282344676983062530','1282347356904280066',NULL,NULL,1,2,'2021-07-26 07:03:07',0,'2021-07-26 07:03:07'),
('1419433060218118145','f3deb','1282344676983062530','1282347325333753857',NULL,NULL,1,2,'2021-07-26 07:03:08',0,'2021-07-26 07:03:08'),
('1419433067256160257','f3deb','1282344676983062530','1282874311764459522',NULL,NULL,1,1,'2021-07-26 07:03:10',0,'2021-07-26 07:03:10'),
('1419433069508501505','f3deb','1282344676983062530','1282346999386001409',NULL,NULL,1,2,'2021-07-26 07:03:10',0,'2021-07-26 07:03:10'),
('1419433072096387074','f3deb','1282344676983062530','1282874061549060097',NULL,NULL,1,1,'2021-07-26 07:03:11',0,'2021-07-26 07:03:11'),
('1419433076945002498','f3deb','1282344676983062530','1282347067983843330',NULL,NULL,1,2,'2021-07-26 07:03:12',0,'2021-07-26 07:03:12'),
('1419448138829078529','f3deb','1282344676983062530','1282874018716827649',NULL,NULL,1,1,'2021-07-26 08:03:03',0,'2021-07-26 08:03:03'),
('1419448142062886913','f3deb','1282344676983062530','1282347700073844737',NULL,NULL,1,1,'2021-07-26 08:03:04',0,'2021-07-26 08:03:04'),
('1419448149323227138','f3deb','1282344676983062530','1282874348699500546',NULL,NULL,1,5,'2021-07-26 08:03:06',0,'2021-07-26 08:03:06'),
('1419448151726563329','f3deb','1282344676983062530','1282873531435171841',NULL,NULL,1,2,'2021-07-26 08:03:06',0,'2021-07-26 08:03:06'),
('1419448156969443330','f3deb','1282344676983062530','1282874018716827649',NULL,NULL,1,3,'2021-07-26 08:03:07',0,'2021-07-26 08:03:07'),
('1419448159301476353','f3deb','1282344676983062530','1282347700073844737',NULL,NULL,1,1,'2021-07-26 08:03:08',0,'2021-07-26 08:03:08'),
('1419448161834835970','f3deb','1282344676983062530','1282873731197288450',NULL,NULL,1,1,'2021-07-26 08:03:09',0,'2021-07-26 08:03:09'),
('1419448164569522177','f3deb','1282344676983062530','1282347029824065538',NULL,NULL,1,2,'2021-07-26 08:03:09',0,'2021-07-26 08:03:09'),
('1419448167253876737','f3deb','1282344676983062530','1282347700073844737',NULL,NULL,1,2,'2021-07-26 08:03:10',0,'2021-07-26 08:03:10'),
('1419448169934036994','f3deb','1282344676983062530','1282347029824065538',NULL,NULL,1,1,'2021-07-26 08:03:10',0,'2021-07-26 08:03:10'),
('1419448172232515586','f3deb','1282344676983062530','1282873872738271234',NULL,NULL,1,1,'2021-07-26 08:03:11',0,'2021-07-26 08:03:11'),
('1419448174803623938','f3deb','1282344676983062530','1282346960773238786',NULL,NULL,1,1,'2021-07-26 08:03:12',0,'2021-07-26 08:03:12'),
('1419478337834655746','f3deb','1282344676983062530','1282873974563389441',NULL,NULL,1,4,'2021-07-26 10:03:03',0,'2021-07-26 10:03:03'),
('1419478345703170050','f3deb','1282344676983062530','1282873794304786433',NULL,NULL,1,2,'2021-07-26 10:03:05',0,'2021-07-26 10:03:05'),
('1419478348089729025','f3deb','1282344676983062530','1282873506835578882',NULL,NULL,1,2,'2021-07-26 10:03:05',0,'2021-07-26 10:03:05'),
('1419478357350752258','f3deb','1282344676983062530','1282347225144414209',NULL,NULL,1,1,'2021-07-26 10:03:08',0,'2021-07-26 10:03:08'),
('1419478362249699330','f3deb','1282344676983062530','1282873531435171841',NULL,NULL,1,2,'2021-07-26 10:03:09',0,'2021-07-26 10:03:09'),
('1419478364602703874','f3deb','1282344676983062530','1282347172669476866',NULL,NULL,1,1,'2021-07-26 10:03:09',0,'2021-07-26 10:03:09'),
('1419493444568424449','f3deb','1282344676983062530','1282874311764459522',NULL,NULL,1,5,'2021-07-26 11:03:05',0,'2021-07-26 11:03:05'),
('1419493446900457473','f3deb','1282344676983062530','1282874348699500546',NULL,NULL,1,5,'2021-07-26 11:03:05',0,'2021-07-26 11:03:05'),
('1419493449127632897','f3deb','1282344676983062530','1282347172669476866',NULL,NULL,1,1,'2021-07-26 11:03:06',0,'2021-07-26 11:03:06'),
('1419493451283505153','f3deb','1282344676983062530','1282873974563389441',NULL,NULL,1,3,'2021-07-26 11:03:06',0,'2021-07-26 11:03:06'),
('1419493453787504641','f3deb','1282344676983062530','1282873872738271234',NULL,NULL,1,2,'2021-07-26 11:03:07',0,'2021-07-26 11:03:07'),
('1419493458279604225','f3deb','1282344676983062530','1282874311764459522',NULL,NULL,1,4,'2021-07-26 11:03:08',0,'2021-07-26 11:03:08'),
('1419493463132413954','f3deb','1282344676983062530','1282347356904280066',NULL,NULL,1,2,'2021-07-26 11:03:09',0,'2021-07-26 11:03:09'),
('1419493465586081794','f3deb','1282344676983062530','1282347356904280066',NULL,NULL,1,2,'2021-07-26 11:03:10',0,'2021-07-26 11:03:10'),
('1419493470187233282','f3deb','1282344676983062530','1282347067983843330',NULL,NULL,1,1,'2021-07-26 11:03:11',0,'2021-07-26 11:03:11'),
('1419493472410214402','f3deb','1282344676983062530','1282347067983843330',NULL,NULL,1,1,'2021-07-26 11:03:11',0,'2021-07-26 11:03:11'),
('1419508536890564610','f3deb','1282344676983062530','1282874109817110530',NULL,NULL,1,4,'2021-07-26 12:03:03',0,'2021-07-26 12:03:03'),
('1419508540405391361','f3deb','1282344676983062530','1282347734047707138',NULL,NULL,1,2,'2021-07-26 12:03:04',0,'2021-07-26 12:03:04'),
('1419508542741618690','f3deb','1282344676983062530','1282347172669476866',NULL,NULL,1,1,'2021-07-26 12:03:04',0,'2021-07-26 12:03:04'),
('1419508547552485378','f3deb','1282344676983062530','1282874061549060097',NULL,NULL,1,5,'2021-07-26 12:03:06',0,'2021-07-26 12:03:06'),
('1419508549842575361','f3deb','1282344676983062530','1282873427361906690',NULL,NULL,1,1,'2021-07-26 12:03:06',0,'2021-07-26 12:03:06'),
('1419508554502447105','f3deb','1282344676983062530','1282874109817110530',NULL,NULL,1,5,'2021-07-26 12:03:07',0,'2021-07-26 12:03:07'),
('1419508561427243010','f3deb','1282344676983062530','1282873974563389441',NULL,NULL,1,4,'2021-07-26 12:03:09',0,'2021-07-26 12:03:09'),
('1419508566061948929','f3deb','1282344676983062530','1282347290504253442',NULL,NULL,1,1,'2021-07-26 12:03:10',0,'2021-07-26 12:03:10'),
('1419538735610929153','f3deb','1282344676983062530','1282347225144414209',NULL,NULL,1,2,'2021-07-26 14:03:03',0,'2021-07-26 14:03:03'),
('1419538741516509186','f3deb','1282344676983062530','1282873794304786433',NULL,NULL,1,1,'2021-07-26 14:03:04',0,'2021-07-26 14:03:04'),
('1419538751129853953','f3deb','1282344676983062530','1282874265601949698',NULL,NULL,1,5,'2021-07-26 14:03:07',0,'2021-07-26 14:03:07'),
('1419538761024217090','f3deb','1282344676983062530','1282347430531092481',NULL,NULL,1,2,'2021-07-26 14:03:09',0,'2021-07-26 14:03:09'),
('1419538763649851393','f3deb','1282344676983062530','1282347029824065538',NULL,NULL,1,2,'2021-07-26 14:03:10',0,'2021-07-26 14:03:10'),
('1419538766204182529','f3deb','1282344676983062530','1282874265601949698',NULL,NULL,1,3,'2021-07-26 14:03:10',0,'2021-07-26 14:03:10'),
('1419538768410386434','f3deb','1282344676983062530','1282347325333753857',NULL,NULL,1,2,'2021-07-26 14:03:11',0,'2021-07-26 14:03:11'),
('1419553834471989249','f3deb','1282344676983062530','1282347356904280066',NULL,NULL,1,2,'2021-07-26 15:03:03',0,'2021-07-26 15:03:03'),
('1419553840348209154','f3deb','1282344676983062530','1282873731197288450',NULL,NULL,1,2,'2021-07-26 15:03:04',0,'2021-07-26 15:03:04');

/*Table structure for table `undo_log` */

DROP TABLE IF EXISTS `undo_log`;

CREATE TABLE `undo_log` (
  `id` bigint(20) NOT NULL AUTO_INCREMENT,
  `branch_id` bigint(20) NOT NULL,
  `xid` varchar(100) CHARACTER SET utf8 COLLATE utf8_general_ci NOT NULL,
  `context` varchar(128) CHARACTER SET utf8 COLLATE utf8_general_ci NOT NULL,
  `rollback_info` longblob NOT NULL,
  `log_status` int(11) NOT NULL,
  `log_created` datetime NOT NULL,
  `log_modified` datetime NOT NULL,
  `ext` varchar(100) CHARACTER SET utf8 COLLATE utf8_general_ci DEFAULT NULL,
  PRIMARY KEY (`id`) USING BTREE,
  UNIQUE KEY `ux_undo_log` (`xid`,`branch_id`) USING BTREE
) ENGINE=InnoDB AUTO_INCREMENT=11 DEFAULT CHARSET=utf8 ROW_FORMAT=DYNAMIC;

/*Data for the table `undo_log` */

/*!40101 SET SQL_MODE=@OLD_SQL_MODE */;
/*!40014 SET FOREIGN_KEY_CHECKS=@OLD_FOREIGN_KEY_CHECKS */;
/*!40014 SET UNIQUE_CHECKS=@OLD_UNIQUE_CHECKS */;
/*!40111 SET SQL_NOTES=@OLD_SQL_NOTES */;
